published,title,link,category,primary_keyword,trend_score,status
2026-04-18T07:00:00+00:00,Don’t get swept away by longevity snake oil. But check out red light therapy and saunas - CNN,https://news.google.com/rss/articles/CBMiggFBVV95cUxNU1psNVRrenllU0lfM0dJWnNHNUtGSzNMYm1GWWtRNmhFdERSdG5telVFS0hURDc0Vm9JeEhsYm1nYXlJQ2V5TEV0N0M3RUZUbGYwdXE3ZS1PZ282VE5MQ3hGTm8zTHlCdW9PNTB1eWRmR0txSDAtejZPZndKeE1KdGJR?oc=5,wellness,longevity,2.1,mainstream
2026-09-16T07:00:00+00:00,Five Properties Making Nonnamaxxing The Next Big Longevity Trend - Outlook Luxe,https://news.google.com/rss/articles/CBMipwFBVV95cUxObkoyYnJ0RTJEUTRzMVpoLVRrYWVLZ2RTcmNWc0pteTJWTmVLV3E3Qld5S3I3NUxfb1ZnS2U3MTVVaEo4bjduOXB0M0MxbWhDNWRSU0tXZTl5T2thQ1ZmbDFJSzlNc2k1dk92WUhkeVNlaUgyblFBbWZ6b3A0cnNLMkpUMEZrRUc0LXFndE1VUFc1Mnl4V3FsS253dkYyaWFVLWlCSXBqd9IBtAFBVV95cUxOVnhLaGtld1dlNVEtVjBib1NoUEs4VFZZTFNvUlI3ZWlxMXFKSDMwWUZkdDJuYXdsLTNrcmcxUVYtLVVUVXdaQ0tjQmh0TTRBb25BQzZoXzJoZ1hBZWVHRmY5VkY4WXN6TEthTWVPYUU1bnJ1Z0JQYnZ4TDd2VDlnbjVjSm0wSUVteFdaOHRVb0V5SUVZa3VoWk1zdFdLZHowQWVmTmM0SGM5UzJOUEh5UDhBWks?oc=5,wellness,longevity,1.7,mainstream
2026-06-24T07:00:00+00:00,Saunas and cold plunges aren't just for the rich — it's never been cheaper to build your own wellness room - Business Insider,https://news.google.com/rss/articles/CBMiowFBVV95cUxNc05lYUxXZXdGRGsycnBQcXFuZVNVdmQtYXBZLXBWSUZuMG5KWGhPT0VHZXUxWDBFN01IMzRJSHREa1Q2bkhkczdnY18ydF9ZMDBKZ2xJcHptX3dZUW9Pc3NJVnRkcGliNGRDZlZKaVNBdjJGTWYtZDNidHRMZVFPSE51NHpjQnN1OUE5NXNDdXFYSlRzZkpNNnJPbi13TWRRTTNR?oc=5,wellness,cold plunge,1.4,mainstream
2026-06-01T07:00:00+00:00,"May in review: Vitafoods Europe 2026, GLP-1 nutrition & longevity trends - Nutrition Insight",https://news.google.com/rss/articles/CBMinwFBVV95cUxNZXFEemxBcFZvM3pjT0F2OVNIZGc1QXdaNkwzYTFsN29oT2JQYUFXVC00YzZTVlJKT1JjYUFIRWJJb3daZl9GZERUZktwT2NsNkMtNkFEaGRQTndzOFg2YW5rLWw1ZXJvNGR5MUtPTktIWWNJX1RZRl82R0c4M3FhVDBnUG9IZ2NvNVI3N1ZlSDI3bnhjOEp4LWxDVDlZWGs?oc=5,wellness,longevity,1.4,mainstream
2026-01-17T08:00:00+00:00,Is longevity the new gut health? Discover mitochondria‑boosting gummies - USA Today,https://news.google.com/rss/articles/CBMiqgFBVV95cUxNZ05qWm5kbnNLbjRXTXNkeGlkOU1PTGlSRkxRTTZWbFNSVVRpUlhGRWFDX05fczZ3Mms1MjhHR1NFdEVoZmNLS0J5VkY2OHp5bjBJdHRTbGZ4QUg3WDJucTczckpjcFdBRndDNjhncUhrMGJmSV8tMGZOaFZCSW84aDBpN1ZoSzdCSThqQkllRURJaWtKUzl6LXExNW9Ra2MxNG5aZGtPbEpmZw?oc=5,wellness,longevity,1.4,mainstream
2026-10-01T07:47:43+00:00,The Seven Best Nike Sneaker Releases This Week,https://www.highsnobiety.com/p/nike-sneaker-releases-october-week-1/,fashion,archival,1.3,mainstream
2026-10-01T06:28:17+00:00,LISA and Nike Bring the Archival Moon Shoe Back Into Orbit,https://hypebeast.com/2026/10/blackpink-lisa-nike-moon-shoe-red-campaign-release-info,fashion,archival,1.3,mainstream
2026-09-25T08:41:13+00:00,"Spa Industry Trends 2026: Medical Spas, Longevity & Spa Tourism - Hospitality Net",https://news.google.com/rss/articles/CBMiqgFBVV95cUxQWnhlMzRGVmpVc1dFbmQtNjk0M3RYd1MyUlRReXZHZkJTU1doemdCdDFRQ3hqSDdCb2J4U2d1NkRkX24zeTJSOVhNYzFTbkc5eHZrQTlmM0NvN0RaRFVoVndNVXpGbEFhb1hZLUlScE0tMlRmUFlvQzNwU09QMVl5MVJLOW5ZaXIzc3lkcVVrYnhnT2pOMkRQUU53OFNReWtrcXEzd0pLRndtdw?oc=5,wellness,longevity,1.18,mainstream
2026-09-24T13:06:00+00:00,"Wellness Trends Report Debuted by Live Love Spa, Sourced Directly from the Industry's Front Lines, Names Longevity the #1 Trend Through 2028 - PR Newswire",https://news.google.com/rss/articles/CBMinAJBVV95cUxNblFENnJpU3BYUjRrcmxwVTZQdF9yVmhPa1V0OFg3d3lzMVdvUjRrLVNzZENOUUw5dUhqVHhmVXM2YW1WS3V2Und0ZG4tLWRDM3RMZGpkVkhIblBqNnBkUTZzeGhyNjFwTXg2LWlGS0ZxLTc2UmtLclp4YUlHUHY3Q19icERyRmpJQmpfNlQxc044WGRnN1ZrZWI3emlUSUFjdEpfVlZZMUJPN3dUZ0Q1eDNwbjNwajlObElpc2VoM3BTZmN1YThuSkN1TnRUelFhTUthWVpsNmdLY2lGbVQxaFo0SE1ueHRxb2xHRjhqay14LW5JeW1JZ0ZIUUpabERma21HemxrODN6OVdOQkdDZDdVUlREbkJWWnFHeg?oc=5,wellness,longevity,1.18,mainstream
2026-09-16T07:00:00+00:00,"Move Over, Glass Skin: Soft, Plump Cloud Creams Are Korea’s Next Big Beauty Obsession - ELLE",https://news.google.com/rss/articles/CBMikwFBVV95cUxNc3JsQnlaWlRYMXMxNzBkLXBuUUlURHNCVzBwVHdndWVEUXZZZndUUkpUdFFPN3NJR1FJMGhualo2UDFsc05hSmNDa1NLYzA1ejQ5cS1fWFpUaWRDNmZYX0k0d05fTGNzQVZhLXpDOGpORk1pa0htM3gxUzYtZWZyZ3R0MW9BY29OZnhQN1JaYV94X1U?oc=5,beauty,glass skin,1.0,mainstream
2026-09-15T20:16:21+00:00,Longevity-Focused Yacht Voyages: Four Seasons Brings Lanserhof Wellness to Sea - Trend Hunter,https://news.google.com/rss/articles/CBMiaEFVX3lxTE04UXRseXdrN0tObkhkUWJURVByWHByRndhMWVxV3NHV3Y4MDFXWV9DcHdWS0JPV3UzY0s3MnZ6elREZGc4a3RHejFvUWoxM3dsanAtTU4xeXRFQWJBZVMyc25aVFQ4cWdK?oc=5,wellness,longevity,1.0,mainstream
2026-09-08T07:00:00+00:00,"6 Steps to Glass Skin, According to K-Beauty Experts - Vogue",https://news.google.com/rss/articles/CBMiYEFVX3lxTE5sQVgyOEN4R0VGUV9MQklQUGVkRFN0QzQ4S0loMUlkZXdUd1luVXlEb3ZROTFYcTlmU1A1NlJNNC1mT3NhMlIwNkNUelNHU2lCVHdFTW5lMkpodll5RkN2TQ?oc=5,beauty,glass skin,0.84,mainstream
2026-07-31T11:01:13+00:00,Peakspan – maintaining peak fitness while ageing – is the next-level longevity trend - spabusiness.com,https://news.google.com/rss/articles/CBMilgFBVV95cUxOVG1rNDcxQ3FKZTl5bWhFWnVZOGYxU1FFNThEYnJIaTFRUkhXaWwydlBGdlhsRmc3UjJLSXp5cjV3OGYzOElwTjhZNjl6dFhWUmlaY2dBbmkyZmpXT0RrLXBnb29vaWt6V1dERmE3OXNHekY2eUpCdEhtRXB0RzdFbnFvb0REZFViQ2dEcDRQUjNkN2phUWc?oc=5,wellness,longevity,0.7,mainstream
2026-07-31T07:00:00+00:00,Salmon Sperm Skincare Is Surging. Here Is What Dermatologists Say About PDRN and Glass Skin - Woman's World,https://news.google.com/rss/articles/CBMimgFBVV95cUxNb0w3Umo0TUdrWkczNlM2WFVyMVVkblZ6SnhpZTcwTThKRXI1LUcyeFY1QzRLSVJ4NUJHWnZPb19PVUhYSGVYSy16amJFSVlSTGR5alZ2RzJrRmVRU3pYVUlnSEtfVUlrWV9Hd2FJLWNLdFBSRHB2RTNjX1VwRmdKNEJLTVUwVTlNcnV4MzQtZlptdlNFVHZ5WGFB?oc=5,beauty,glass skin,0.7,mainstream
2026-07-28T07:00:00+00:00,The Most Glamorous Ways to Do Longevity - Harper's BAZAAR,https://news.google.com/rss/articles/CBMilAFBVV95cUxOMEViT0ZSbk9KVVB6Q3RaMkRJRXI2am03TFdpNW1xUjFYU040VHJUSS1GcmNUd2kxZDhQZUpVb2NVbkxNbF8tTlRKSFdDejRIYU9HLXJ5dVlfS0RiQ0RLX1o3YnBwR2dpZ0didHlnRlFGeWFwemhqLXhsMVdsRzhDR2VWVHVSTV9xWndWYUZWbTJCTUN2?oc=5,wellness,longevity,0.7,mainstream
2026-07-27T07:00:00+00:00,Longevity: why is it the new trend in luxury property? - Idealista,https://news.google.com/rss/articles/CBMizgFBVV95cUxPV1lvMDgtTE9PdXZzd0NSdW5PRnJaRE9NRDNoS3R3YnpJZ255bFNSN1RpdHEwckRCQldNbFYzOE1sT0ZVaXRtZE56RjdQTnJDMGg2SWk2cTZQMFRqaTlZZHlSUy1GdmU5emxIUTcwSG50NHM3b2xBT0VNX1QzaExpSFhLSFF3UXpZRFU0WTFWbTdiQlRCeUloclFBZE5JYWlwS3NCcGVXRDhSSmN5VXBKMVgxdkhVWkpYaGZPeURYVEVjd1BWaUxYOWowTGhyd9IB0wFBVV95cUxPMVY3bVdDZk1fTW14YS1GLVlTRWcydzM5TXJsZmt4c05CeFVOUGQ3YUFwQTZzTGpSdnVFWXIzVlJ4eDhuOEgwZF9NWFV6bDB5X05QWHpKN3Bad1dvTnZ2LW1IaEpBaEFOQkRmWklOTDVmT2lDNGVKY2xuaU5Xd0l3SC1Nb19aNE8wZVQ5QWI3Z2tyMlN3YVpGTE5yNENkM0V2SV9nNVNabjRnQ0poZGwyV083VG8wVnR0SGRaaUZGbWxZeXR5ajFjbzJ0QnJBaEo1VjJz?oc=5,wellness,longevity,0.7,mainstream
2026-07-10T07:00:00+00:00,Longevity-Driven Wellness Tourism: THE OZEN COLLECTION Introduces Science-Led Wellbeing - News and Statistics - IndexBox,https://news.google.com/rss/articles/CBMijwFBVV95cUxPMGJodm5RQTJvM0tYcEtDZnk4Y2ZCb0pLN2x3Y0I4QkU1Z1JlbTgza3ppWlNiVW9CZ3JKblNSRnhFdlVzY3lFOWJpcHhveU1NMHdiWUdpNnVlam9GOFdXb2o4Wk52ekh0aElVMVpiZGVZakUzd0VWRjBZR0Zhb09kcUE5Q0lkZEswZEN4bV9mdw?oc=5,wellness,longevity,0.7,mainstream
2026-07-03T07:00:00+00:00,Thailand rides the longevity fitness trend to grow sportainment tourism - Nation Thailand,https://news.google.com/rss/articles/CBMiYkFVX3lxTE1CZktSYVpqMUpnVWJXcGhHMEduQnBuYVRaNUNJRDVCQmRaeUtBYkRCbWo1c1RIb0FoVkVXUTVXUTlvS0pVUnBtUDdLRHppaUpiR0VDSUFhY084dUhyeEt4NkJn?oc=5,wellness,longevity,0.7,mainstream
2026-07-02T07:00:00+00:00,Future Wellness: A look at India's game-changing Longevity Summit - t2online.in,https://news.google.com/rss/articles/CBMisgFBVV95cUxNVzcxUnVIMEExclRlWGU4cjl3ak0tS3Z4Nm1oUlJ3WWg0ajU2UDhHeG5rT01LN1N6MzYzZDIwaktwRGh0VWFIeDVOd21nNjFPdjM4SXFqU2RYNElKNm14RTF5Y1M3LVZFT0JLdGU3Wmo0Tk5JWHY0SDE4M3A2RDhUVk9VQnlsXzIzeHY0Nk9BNFhucUZhUFJubHdpeHhpSFprZk03MlNzUmJTY2tsQTJiNUd3?oc=5,wellness,longevity,0.7,mainstream
2026-06-30T07:00:00+00:00,5 Longevity Trends Experts Say Aren't Worth Your Time or Money - Marie Claire UK,https://news.google.com/rss/articles/CBMiggFBVV95cUxNUjlEajZHeTVaOU4yTzV4U3dLdm9qbFpiYWpOaDlwMDl0N2NfUkRjWlZwZ1VJZXJfQ3M4UjJFeldjOWdmVTNzVjdPYTBqWXotQ1hHcVhuZW1kekpCUF9EN3d6SERxQThES25BQW5XTjY1MkFQVU9hVEdueE94SDI4VnNR?oc=5,wellness,longevity,0.7,mainstream
2026-06-28T07:00:00+00:00,"Longevity Is Reshaping Beauty as Consumers Demand Science, Personalization, and Proven Results - BeautyMatter",https://news.google.com/rss/articles/CBMijwFBVV95cUxQcjctYVMtU2w5TE13NFYzZWl3cWJJWXduT0VOVHFqbzZsbDBWWW5kcjAtRVllaXViSEN3R0ViTkJCRmdERlBWMDN6YVB2bGpHSUNRZ2N3X0dEaG4wTGZ5aVpGQU1aWjVGdWRwVDc3emlsek5UY0Z3OUVldW03aTVwc2JoWS1ueEFRUElTYVJlRQ?oc=5,wellness,longevity,0.7,mainstream
2026-06-17T07:00:00+00:00,Why The New Butter Skin Skincare Trend Is Replacing Glass Skin This Summer - Hype Hair,https://news.google.com/rss/articles/CBMiZEFVX3lxTE9CMU5fdEFLTUJPMXFmc3ktMHFTTmVnT19SUVBNYjZkVkFJV0h3SmRqYm1UYnA1MVVtcW5WTm9HcmEwdnA3bVgwVFY5SDRkME1naVBMa0pUMmYzNVF2SEhianVVQTA?oc=5,beauty,glass skin,0.7,mainstream
2026-06-17T07:00:00+00:00,New in Cruise: Regent Seven Seas’ New Elemis Cruise Embraces Longevity Travel Trend - Luxury Travel Advisor,https://news.google.com/rss/articles/CBMivwFBVV95cUxNWEg3ZFdySG82QlRGWU44ZU1NT1FMS2FkRVJUd2xxLUpmR21fbW1mcHV5eVh4T1o5eTdUb2xpSUx2QWs4aTVHbERGMXRnSlFPQlBXTTJ2cE9QcmtiTHgyV2pqeWJwMVN0THdOdVJLZDFMTW9Wak52MEhGMkxrdktoTFh2NTBwUkZaT3ZYUVhKQl9Ub19lV1NaTGd1VFFKX2V1bHFlWV9tVnZLWENtM3Y0WmphWlVVaFltcWYtUDd0Yw?oc=5,wellness,longevity,0.7,mainstream
2026-06-15T13:41:08+00:00,From fragrance to longevity: 8 trends defining China’s H1 2026 beauty market - Jing Daily,https://news.google.com/rss/articles/CBMiowFBVV95cUxOMEd6T19vWklTYUV0WmRsWkZmNVNtZW9FcjJ2bHNEbWxOTS1wUUxvUzl0cTVFc3g3NFFLck5fN2QyQzlZNGVyRzQ5dU45NnV4WmI1cnZjLUxSN0dUMFBtOUY2QUNvX0pDd0Q5QWtEQXlxYlc3cFJLaDAySF9lZGhjNG5xcUNqUXV1RTgwVjVjZE9fWXZOOS1iLVdDNl9kT1E1N29R?oc=5,wellness,longevity,0.7,mainstream
2026-06-10T07:00:00+00:00,The Next Big Longevity Trend Isn’t a Supplement - Men's Journal,https://news.google.com/rss/articles/CBMilwFBVV95cUxOT3ZFRWVTVVVBYjBld0M0SEg4ejM3dXJfQjB3aTZ2MmhpWjF5VW8tclZQM3FxTEVBTURjUkFuM3FnYjN6azJ2cXpwUGFDeFJnNE5rdjBaeEpaZWl4Qjk3UWdGZ1RnM25GT2RPM0RLRXo4TWtyaHBSZVVLTGdkbHFMeURsQmRsTFlLXzZTUEFTc0F0MzBTelpV?oc=5,wellness,longevity,0.7,mainstream
2026-06-08T07:00:00+00:00,Longevity Trends in 2026: Why Aging Well Means Something Different Today - leger360.com,https://news.google.com/rss/articles/CBMitwFBVV95cUxQZzhRd2l0VVo5TWhuczlPZU9PLW1DdVNyWE5xOXk5TnRKM3hwZ0QySERrWU9wYmlkMkg3cDBzd1oyV28yeVRmQ3hZTFlkN2tsNERlT0VQVlFLbEJ1Mkd2VG81V0tQVi1BWjdBdloybkV2SjBEWUMtU1E1UmpQSFFoX291QlNyVHNRMGNqTEVuSGp1c1pzNXNtSVBCUTJjazVBbVV5UEg4T0JHRnptamRtb25NWGw2Zzg?oc=5,wellness,longevity,0.7,mainstream
2026-05-27T21:41:19+00:00,Aging Well: Consumer Perspectives on Longevity - ADM,https://news.google.com/rss/articles/CBMikwFBVV95cUxQYWhzbmdtMktQUUtXTEZCRW9USDlab3BsaVY1enNTeVpxcThla1lIZEp5Y0tFTXh6R0QwR196SFNiQ2d6OGNmNVk5T1A5d00za25JR1R0cXVKNW1PYXNSUlE2SWlNS0l1VGZNT20yMGtPWTVzOEdETmtKdDNLVHVPeExYakZISktaaklhdDVVVko5dFU?oc=5,wellness,longevity,0.7,mainstream
2026-05-26T07:00:00+00:00,Gwyneth Paltrow Longevity Wellness: How Goop Got There First - Social Life Magazine,https://news.google.com/rss/articles/CBMihAFBVV95cUxQS2thNWd3U3l6R3NOcW9jSExWM19ybExQTC1OaE1BR1FSazJXZjU3VnVNQnVaeW5IYzFfaV9xZGx1SVZfWWhQeVA3TmI2blZqNGkyZk1IQVc0REZ6UzNEN3FIb0kxUzhMTFBYNzcyVzNBNXh1ejBHeGJEUzdKUGx0UU40a0M?oc=5,wellness,longevity,0.7,mainstream
2026-05-22T07:00:00+00:00,The One Longevity Trend Doctors Actually Support - Yahoo Health,https://news.google.com/rss/articles/CBMiugFBVV95cUxPYzV5UXNNSE96Y19OOXRVUkREbXZDclhhWlVkTFJJekxOZ2RfeVB4N0xJRXRaRTRrbVRRNUJGWjlSVWRlem5pNVp3MEhYSFBwOUl6UERNazJUYXQ2cDlhOXJ0NmZMZkI5N0RqZWJSRjFTZm1xWUwxX3c3M28xc1VDanBoNGt1cTFmSHdGZ0pJOTZZVnN5RVdWZnVuMHZTOFBjcHZWYlozRnhZTXR3YkdSYV9sQ2htU1VveHc?oc=5,wellness,longevity,0.7,mainstream
2026-05-20T07:00:00+00:00,Sleep tracking and longevity claims: The new era of wellness retreats - BBC,https://news.google.com/rss/articles/CBMiiAFBVV95cUxNUllhWERQWEhTRzFSS3lGM3FkR3lYYmFPMGVad3g2ZUdaamFha0w3dXNfZEpZR2Z1X0FHWFh3clBYTkNEbmdkODRrazlnSE45eUU2UkN5aWZWN3pDbXhMMW9JTktvSl93cU1BdGdxZDNGRmw3VW5lQTlTMWZUajRjQ1ZDb1NRRHIz?oc=5,wellness,longevity,0.7,mainstream
2026-05-19T07:00:00+00:00,What Happens at a Longevity Resort? The Wellness Travel Trend Redefining Luxury Vacations - Sacramento Bee,https://news.google.com/rss/articles/CBMic0FVX3lxTE5RbkhNTHNhSm1QTDNqcWlseGNKTUw2Q05jLV9zUkxFVnJlZ0RyTHZwVUxfU2pCMHRaV1hZM2lUdkRmeElFU0lpUllNTERpRWRVdlFZMmlOeERDOC16NTRWTWtvN2pQM0YzQU9iLUFOdlBFeHfSAXNBVV95cUxQR2I3U216a2JaZjhzY2pZbTh2UlgwYmtXNXJvWFJLZmlRMnBzYTBXSno5ZVUzRk1wMlRtNXJ0aWhNZnNlUlV5MFNHRW5BTHRlQXY5Z2ZqWFl2RHY4THY4V0N1bzJXa3pLVlFMS2YyTnR4ZDBB?oc=5,wellness,longevity,0.7,mainstream
2026-05-19T07:00:00+00:00,What Is Longevity Travel? What to Know About the Luxury Wellness Trend Focused on Living Longer - Us Weekly,https://news.google.com/rss/articles/CBMitgFBVV95cUxPT3lneEdLRzktRGUxS0l5SUE1TkJxZFBoM0xkS3V1LXdBc29XMGNHalFEa0VqQXdzTE1ZTHdnWFpWT2tqUlUtZW9PNFNHOXdFQ2IxbXN5NW9Wd3lsNTNnN21ZRTZBRUw1d2R5ODFKVWFEZ3ljSUYzNmdaWEVjeFAybFFSR1ZxZDB3ZFFzY25LNHowN2ZxS1IzbzB5SjkwcWNFRDJZdjZOa1BINlA0LU1sYkxCNnNLZw?oc=5,wellness,longevity,0.7,mainstream
2026-05-19T07:00:00+00:00,Celebrity Longevity Treatments Ranked: Which Wellness Trends Are Worth Exploring for Yourself? - Us Weekly,https://news.google.com/rss/articles/CBMisAFBVV95cUxNRERMclM2YXc2RDJHNzJ3eUpfT3Q3YzFzNHlQQzJ1eWlzanZFb0Z6UTRPTHFiSHpvdnBxSjVRVUtSYjlpd3BiNEc1TE5sMG1OVGlwQkNTSllLdHRJLWxsYTJ0Q0pZTUNqOGFiRUVtRkhYUnVUclNDUU82ZkpwSUNEZ01wTnIxZ3QzT0VjN1EyWFhWUXZDQmRLaVR3STNHZWlXNm5TWmZPdkNQSDY0dkV5SQ?oc=5,wellness,longevity,0.7,mainstream
2026-05-18T07:00:00+00:00,Is longevity trend or transformation? - Nation Thailand,https://news.google.com/rss/articles/CBMiZkFVX3lxTE1ydEZza2xjU2lHakp5QmFqczdXUDY5MGM0c01Ia2hTQ3VrN3ZRQTNHamp5MEt3T0h2ZW1Cb3JqX201ZTAyQlRBMnZfbGFBSXZuTUVTOEJ2WTE1ZDVKc0lKSXR5Z1hzQQ?oc=5,wellness,longevity,0.7,mainstream
2026-05-18T07:00:00+00:00,Comprehensive Wellness Hubs: Longevity Wellness Hub Opens in Riyadh - Trend Hunter,https://news.google.com/rss/articles/CBMiaEFVX3lxTE14dHpoMkdTeEJJeGFVZ1B5cC1LS0ZSMWp3RVJ1TFprUnZpbUdnLWpTQ3hZb1loODVGcV9iczZ0SUxqdmFqTlltbk9pZzRFcmVfMGx6OFJLc29CR0Nta3ZwVUliRWg3MVpC?oc=5,wellness,longevity,0.7,mainstream
2026-05-07T02:23:06+00:00,How Chinese Grandmothers Became The Longevity Wellness Influencers To Follow In 2026 - Grazia Singapore,https://news.google.com/rss/articles/CBMieEFVX3lxTE4xX2pabWEtSHN6WlhMcTFmdk9pYnFhYVBXX2gxVmtTNEU1NHA3ZGVaVTl5YTc2eVNNWjhRN2xTYVo2M1RxNU1iTXNuYnVicG1ETS1pcU5pTGhRZXdMTFNCSldvY2xRSnNJUFVnM2N1SVF5b0xHM3M1Sw?oc=5,wellness,longevity,0.7,mainstream
2026-05-06T07:00:00+00:00,Consumer Longevity Diagnostics: Tally Health Expands At-Home Epigenetic Age Testing - Trend Hunter,https://news.google.com/rss/articles/CBMic0FVX3lxTFBpdTJ1b0wxTVZMeDMyZE9VMVdEblNLM1dQa2lTYXQ2bC1TdUJaM19PeFBPV3M2bGZkZG5tU182LUs3T2k1SnFJZmxocEt6eHBYaHZLa2pUNUVPYXNBbG5oN3BlQ2VDM1RTN0tEcUo2X3YySFE?oc=5,wellness,longevity,0.7,mainstream
2026-04-23T07:00:00+00:00,Hair Longevity Is the Next Beauty Frontier: Key Ingredients and Innovations to Watch - BeautyMatter,https://news.google.com/rss/articles/CBMiqwFBVV95cUxPQVZERDhfNVd4SE9kNjBOblRZUW9VdzdxTHE5ekE2WHNmNjd4RlM2M0VvbTlkdG5YcnFWQmVTTjNyYzd3WUdRTm1GOGxUQV9uWS02d2UwR2hVOUlLd3lfNVNoZWEtQmpHZEZ0UzdHcnlUS3dlQUxHdTJ4aWFQQVBNVkZlWS1fWkMtUnhjdTYyb3l3bVRuUF93MF8xMnBia2pESUswNzBZaVliUGc?oc=5,wellness,longevity,0.7,mainstream
2026-04-21T07:00:00+00:00,‘Nonnamaxxing’ Explained: The Italian Grandmother Lifestyle Gen Z Says Could Boost Longevity - Us Weekly,https://news.google.com/rss/articles/CBMipAFBVV95cUxPaVo0UUhwMW1lYU83VEg4RVFpOTF3aDUyWEN3ZTJobHo4TjVYbFgta3k1R0tzeGRmdUJ4WXd0VkpPVm96RC0ydEdDNHNDRWc1YVZhX3lweTl1cENXdWhoQVZOdHNEeDl1N3NHTnJtQ1NJNUs3cVNIYzQwV1IwdWpNTE5YNE9iT1llZ3hsOEdjek5fSmNRTC1FOTR1blFnWGY2eS1mQw?oc=5,wellness,longevity,0.7,mainstream
2026-04-20T07:00:00+00:00,The beauty industry welcomes a flood of new peptide products as 'peptide therapy' trends online - glossy.co,https://news.google.com/rss/articles/CBMiwAFBVV95cUxPemkwSnZpWldQb0YxQWEyOV9SbTYycjAxSjB0VTFjNnQ0WEpxMnpUckhLV0tUWEozS0FUZTFuTU8wak1GYXdMMlVDWUx3bnoxR2xlcGxfVXJHZHZXQThEMTdwYkt4R2g1VjdVU2hwRm5RRUp1S1hwX082OENRNWVtR0dlSU9nSFZrNDlHN3VOdF96a2p5dGhjbF8zRkg2Sm9lZTFzczN2QXJvSzJJSUl6RjVXcEFibEZRWGJydWs4Ny0?oc=5,beauty,peptide,0.7,mainstream
2026-04-19T07:00:00+00:00,How Menopause and Longevity Are Reshaping the Industry - BeautyMatter,https://news.google.com/rss/articles/CBMigwFBVV95cUxNekpnNVN4c05EUHhRZDY3TmJYYUFqemEtbzRzVHRNcHIxN0NfcVkyUW5Wel9KVS1CQ2R2djJvckJnVVNJQ1hXcTlsZ29CWHpqSUNHV0dFeDNEVjZFb3F5cEcwOVk3aUlPUEwzdDYta05DQzhtV1B5S2NGWVFRN00xUG5aYw?oc=5,wellness,longevity,0.7,mainstream
2026-04-14T07:00:00+00:00,From spas to MRI scans: How wellness retreats are turning into longevity labs - NZ Herald,https://news.google.com/rss/articles/CBMiygFBVV95cUxQcmdqMmFQMVpVN2NISkgyNG5GcXIzbkE4RVl3TktSb25VMzRLdGdsTTRLRzNFSTlYY0FERXdHcEpLNDUzVUlXME0xa2ZSZFk0M0VSMDlRd3c1UlVrYXNPMEhCamlDcmZwSHRjRW5uWHNYdk9zdFgzbmlOWHFPUGFZd2xnRENFMkY3b2Z5blJkX0Q1eVd1ZTJ6WFhMMXRPU1RpTlFMdlVCQkZzMC1kMXREeTJnVnF1X2RmbUlOQTFHR2xDeXJ3VlNHemJR?oc=5,wellness,longevity,0.7,mainstream
2026-04-11T07:00:00+00:00,Biohacking Or Longevity—Which Wellness Travel Trend Is Right For You? - Forbes,https://news.google.com/rss/articles/CBMiyAFBVV95cUxQSm9QNXBwQ1lENDVzYWR4Vjg5dllsOFZCNC1aTEtna0d2cmNIRVEwbVV1OG1kT2pkb2pvTXdya0Z1LWNkbXJBdmZ3WWJJQzNKSzRlNXEzS2tzU2tFT2VXXy1pZHFQbC1BOE1JWEJyYjZwQ1FRMC0yeWpBQVlxblZEc1IwMWtGektLWWZyQkJUdE1pWUtEUTVUcVVTR0hDbkRGR3hhRTlfX0JTTnRIdXQ3aUlIY3dWaWdHMS05dHZZaGhQSE9sUEE5WQ?oc=5,wellness,longevity,0.7,mainstream
2026-04-09T07:00:00+00:00,"Peptides Are Everywhere In Skincare, Here’s How To Use Them Correctly - Refinery29",https://news.google.com/rss/articles/CBMibkFVX3lxTE9ldWVMLUNOZnMydTBVelZISllvblRBVVp3ZEdadWozS3o5MC1jZWtkTzZIZFJ3VUVjTFlvSTNyWXZ2SHdPMDVlV2VSMXVCSTVmRUpuWXhFSFJLcUFud3pCeXFXakJ3aXBndGZraU9B?oc=5,beauty,peptide,0.7,mainstream
2026-04-02T07:00:00+00:00,"Experts Say ""Longevity"" Is 2026's Biggest Wellness Trend—Here's What That Means for Your Home - House Beautiful",https://news.google.com/rss/articles/CBMiowFBVV95cUxPbC1CeXVuMlNBSlVyTU9jelRmYUlOS3Ezc1BnaTFvb1A4elhTejZDaFctLVdmYm52T2VBRGdaU3U3d1haYjU0ejc1MUJ6QUNJbFR5WlB0ZmtWaHlaWE9SNXZZWTAyZkhEcnZ2djR5ME5pZkMwNXE0WkYxTS1tdWVRemtqTEFuaFl3bDZ5Si1iUHo0M09RWm9xdFJfXzFGYmVybTQw?oc=5,wellness,longevity,0.7,mainstream
2026-03-20T07:00:00+00:00,"Longevity is not a consumer trend, but a pipeline strategy problem - pharmaphorum",https://news.google.com/rss/articles/CBMiigFBVV95cUxPelFjNGx1XzlmcGNUb3ZuZ29MellFaTZwQ0x4dDM4WGtGUlFjOEJfbWl0RWVYWXUwbWVPRlFQU1ZPNGt3LVl5aC1RVXA4V3dDMWZQckZNdmthZFpPRWd2ckZmdTM4ZTVOcHdvNTN2UVZ0bjIzeFBqbmZlYW5SaHVhV2VQYUx0akR3R3c?oc=5,wellness,longevity,0.7,mainstream
2026-02-27T08:00:00+00:00,Wearable-Linked Longevity Suites: Tulah Clinical Wellness Introduces the Tulah Life Index… - Trend Hunter,https://news.google.com/rss/articles/CBMiYEFVX3lxTE9sejJhdmdNMU9aMGNwNDN0YXZhbUhhNF9oNGdfeFc0aGRNYXkxa1Z6cThsRVR1bUYwWmRZQVk2NUN4QmRiN2ZKY3ppWGdCZmk2MG9LZEU2dEd1OVJRQUdLSw?oc=5,wellness,longevity,0.7,mainstream
2026-02-19T08:00:00+00:00,Longevity-Focused Hotel Initiatives - Trend Hunter,https://news.google.com/rss/articles/CBMibkFVX3lxTE1NeV9feC00TFpUQS01R1VHN2NreTYwSkxCaGJwSFlITGhucGZuQVBZYVR1SmQtdVREOGh3RTVhOFV3WnlKTTkyWkFPdUNRdnpFRDJlUHc4Ty1PSXJtdEdMTVpmY21ya0tBd1hnYVNB?oc=5,wellness,longevity,0.7,mainstream
2026-02-19T08:00:00+00:00,Global Wellness Summit flags top trend of longevity interventions tailored to women - Australasian Leisure Management Magazine,https://news.google.com/rss/articles/CBMiugFBVV95cUxQMjVYQXhscFlvTFdQdUJrcmdINDNsLXlNRmNzMXlRREtidF9fT3BBaHBULWcyVVNJakJwVnhSODJWR2JVVDI5Y3J6ZnZ4SnZ5NGROSzZ2WHBLdFc0VkpJbl8wbG9oTkttUVRwTGlWYzUzMTRSTmZYNERkWmVvNXduU0lkYUFXODJBMHMyZ1JKdXM1RUlaYjhqWTlubkNMWVFONlJXTFpQa2RXbU5QSDA0Z3daNFA1eXltVlE?oc=5,wellness,longevity,0.7,mainstream
2026-02-16T08:00:00+00:00,"Women’s health, neurowellness and skin longevity lead supplement opportunities in new wellness trends report - Nutraceutical Business Review",https://news.google.com/rss/articles/CBMiqgFBVV95cUxNa1RJWWdwMGs3eExuVlZ1ZXNyNXJtWXZyQTlyUW1Pb0NSejc4aFRJWVpvZExrS3ZqZ1FHR1diRnc4TXdCdXdoOG93MHE3RHRjU1REMEpmMlctbTNsNi1FeDFkbmt2WGRpWnJTT1FsVmE4dlFmSUJiS0tlVU95MEpGNkxGcXJRU1I2a0QxZzBsX0FVRTFUUGl3V0NpVU51UjN5eFRHT2ZZMF9OQQ?oc=5,wellness,longevity,0.7,mainstream
2026-02-16T08:00:00+00:00,Ten Big Longevity Trends and Their Hotel Applications for 2026 - Hospitality Net,https://news.google.com/rss/articles/CBMirgFBVV95cUxOVVpvbVUwdlR1WjVfZ1JERng3dUlLM1lCS3drb193UzlsUV91LWhteFdLRFRWdm1aOGRIWHZzQnlhQTU5aWdtcHFqYTk0ZlRkNi1sZENRQ3BHcmI0UlZHTnBJMDN3aVh1UFJiN2ZXeWR0cF9za2ZubGJfTnkxNS1aaENOZ1kyMnhhRXFQUV9sQ2M3NGRWUUduNGF3Rnk0VlFIb0VKZ2h4WmZMQ2plM3c?oc=5,wellness,longevity,0.7,mainstream
2026-02-14T08:00:00+00:00,"8 hot wellness trends in 2026, from women’s longevity to ‘health raves’ - South China Morning Post",https://news.google.com/rss/articles/CBMiygFBVV95cUxOdjZiekVmeTB3Z2NqeXM5RmNuLVM5OVFLS0VjUUp4bXFLb0ZvWDRpVV84aUtKbUFSLXIwMW9RaVd0dmZPMTh1TzhIQ2ZLVU9LYUloSDRMc3FlZWpMVndUNEhEX0QxYTdYTXZtSS10a0dwVC1zWmxzcHNrUVpKTGZxSmtBMVJYcFRwTmk4eV90NURBYVJpMkM1OU51blAxT0o1cHo1VC1BVVEzVnFJT09xcUJCcTI1ckJoMmhubDRYc0dpSThXMkhLWlBR0gHKAUFVX3lxTE1ZdmZDQk45bGdjdmRCb29iTGVlWjhyOGZGLWpBNHdSWjN5eWRRbkh2TXhGRmtOekE5SkJjUGZ3WUJ0cGJpbUlkVHJBNXozYjg0SjZ4TkFFa2NtWnhGNW1WZG43NjZJRW5Ib2hsVzBaY3loX0NZWDN5V0JRS3M5cXJVSFdXeWcybXNMM1h5M2drb3dBZmdNV29aTjNkaHJMc0tJS3lKZ2d5WC1xTEgtbjlDR1E3ZjhyN2Zfd0hCZlhxSDRURTQ4TnRpU0E?oc=5,wellness,longevity,0.7,mainstream
2026-02-12T08:00:00+00:00,"The business of not ageing: Why people are spending $1,300 on longevity treatments - BBC",https://news.google.com/rss/articles/CBMifEFVX3lxTFB5amFUQ09jNjQ2NW1iTnppQVZDQmdLeF9Hb0NFNXZTY0ZIcmh6c0FxWTVEdWVkX2FpZ2RtS282OFQ4VkNGcnQwQ2Y0Q1pFeUhjaWk2UndDcHNJSmpleWNtNzlEdGMwQlV1THhOc0pQQ3drdmhfaWt6MkdqOWc?oc=5,wellness,longevity,0.7,mainstream
2026-02-12T08:00:00+00:00,Demand for longevity courses soars as health sector booms - Nation Thailand,https://news.google.com/rss/articles/CBMiYkFVX3lxTE5ZNUNwWTNWUWJtaHB4aXZFRlNWamRFMEpTWURVdXFNa1ZrV2NDNmloNFE4SUpqSXQ4RzQ5QnktUmp4ZXp1TUZIU0tOclUwWGh4dElzaTNGa2xfUW5CSjRHVWZB?oc=5,wellness,longevity,0.7,mainstream
2026-02-11T08:00:00+00:00,"NEO Pioneers Longevity Trend with Advanced Hair Loss Solutions, Translating Global Insight into Sustained Quality of Life - Nation Thailand",https://news.google.com/rss/articles/CBMiZkFVX3lxTE9iSWZzaU9yOE1ZM255cHBuRGx0WFlsb1gtVC1TV0hlenZRVlNuN0VGcGdmc3VnTFVINllmcEZfZlp5Vk1FeFNLUmVXUEtlWUNPekxFVGxCa3ZwYzNxVHRKZHRlT2lxQQ?oc=5,wellness,longevity,0.7,mainstream
2026-01-29T08:00:00+00:00,"Pleasure-led wellness, skin longevity and stress regulation to shape spas in 2026, says Global Wellness Summit - Professional Beauty",https://news.google.com/rss/articles/CBMitwFBVV95cUxOYWs5aVdFUGpQRk9yMV9QN09oMlIxNXRyQUdQbXpvQWxyaG81WnF2Tm1vUjh1emExVHlFeUszRGZoTjh2RG44Q3NtTEtQX1R2T2NYVUg1M0pQTzBvLWFya3RvT0lBV2poNUZmMVk2bmVjcUZLRHh5R000VjZBOV9RSUZicGFNODU0cm9MS0IxM2JBbUVDbGlZTFVkRDM0NGpQU0Rrd0ZIVDh5d3c1RXFaWTdOVi1ZdHM?oc=5,wellness,longevity,0.7,mainstream
2026-01-26T08:00:00+00:00,Longevity Fitness Is Going Viral Amid Wellness Content Boom - Athletech News,https://news.google.com/rss/articles/CBMiiwFBVV95cUxNRVRFdGVaeUw2OXNYekhqVFJpRTVhdDU0VDM5NUxTdmZwUVFoZTF6UTFQMGJCTVRxOW1zUGFzWDNndXROaVVMeExOTHA1N3A2SW5Mb29TS2NVMUs2VG1BdTNLNHlMZ2otY3N0TFZ6aTByVHVvX2hvb3k2dFpUYjlJLS1yRmpIb2FtSkNV?oc=5,wellness,longevity,0.7,mainstream
2026-01-21T08:00:00+00:00,From longevity to lifestyle: Where Bangkok goes to work out - Nation Thailand,https://news.google.com/rss/articles/CBMiZkFVX3lxTE5fRTUwRkZGNFgtVU1sZFd1UzQ4Qi1QZmVfc2JfYV9pSzZpMGtWSTlUYlJOMjhYV1FGTDNwODgzUkdjLWdlUk1lSnV3MmZSMDRTUklaZFdrU0JoTmZjTE15MXZLQ29MZw?oc=5,wellness,longevity,0.7,mainstream
2026-01-15T08:00:00+00:00,"2026 Future Food Trends: Hybrid Dairy, GLP-1, Women's Wellness & Kids' Nutrition - Green Queen Media",https://news.google.com/rss/articles/CBMilAFBVV95cUxPVTBsNzlVckJWODE0WFJQWlVJa21xMU5PclA0ai1wcktnSWdRZGxGZ1RSTGFadFA4M0djekRia0ZtWXZVaUhhMVZfeTRCVFd2Sm93RWFhanR4eHNsMTI5UmowSHNGR0lOLVdCVHp0SHpPZlczb3VMN3hWRmZXQmhfeXpCa2JJaDJFMXdobnpyLS0tRndy?oc=5,wellness,glp-1,0.7,mainstream
2026-01-08T08:00:00+00:00,Top 5 longevity trends shaping food and drink - FoodNavigator.com,https://news.google.com/rss/articles/CBMimwFBVV95cUxOUHNXQWd2Nzk2YnVBWk53LTNIcDA5QndpMUJja0ZiUk9kU3NTTXU4RUg5VXFQVG1CblN6MGhlM3lyU0huNW9lZXhXak1TNXVQY2xybFVVZEROdGx6ZXg0Qi1VaTJib01ET21VOHR4YmlLMm11M3UwbzFQUmY0ODZqNkhsa3ZqMWR6TlBaTklaNWlORjB0WHZjdS1uVQ?oc=5,wellness,longevity,0.7,mainstream
2026-01-07T08:00:00+00:00,Health-Monitoring Mirrors: The NuraLogix Longevity Mirror Delivers Wellness Insights… - Trend Hunter,https://news.google.com/rss/articles/CBMibkFVX3lxTE5lbWoySFVmZWFyVUVIWHpQa3RJQ19DN2hvTlNObGg0LWlmOWMtRDFUZ1JnVVNvNk9OcmRVOVFNeGFQQWpfUFhBOVU4V2hvQlNJSHZ1ZmkwTzEydDMwZ2FqS1N1UnBEYkg0TXpBanN3?oc=5,wellness,longevity,0.7,mainstream
2026-01-04T08:00:00+00:00,Longevity Experts Behind Humanaut Health and PUR-FORM Reveal The Top Health and Wellness Trends That Will Define 2026 - Resident™ Magazine,https://news.google.com/rss/articles/CBMi9wFBVV95cUxPM0N1S3pkRzN2cW1NNmlXN1dtNVNPN0g5b2w5NHk2T240cmZxYnlVT0N2TUNOUUhWQlk3Vjg4VXhNWV9DVG1XU0ppdzVlS2FnU0ZiT04zQUtkS2V0dXRGcGh6ODd6SHdCMTlUU0k5Z2NSdEQ2bG1JWVVVbkE2Ym1rTlMzenNGT0pueFBzQW9STUtOQmxGQWhNY2x2bm9OYnJINmc4YlFmTlNXbVcwa3BFaXBEcUZJaGRrMmVoMklUMFFEMy16aG1uX0dOaFpvN0RYYlh4S1RxR1RPaEJhY2Rkb3gwVFEyTjFGWlJqRFY5aEVvVU9jenN30gGEAkFVX3lxTE5xOUZZQmZzME11N25OUXJ6Z3ptLTVWTzdmc3JXVGo5QnRtb0lHckxkZnZ3a3BVMDQ1U25wdnR5ZmRTelJmM2xBUGpYN3NvZjlKWWs2WWRJTHZpazRMZnAzNVpkSkVjT09JTkNnTC1veGJZV000eGxBSUczc3l3S3NtWTdKclpVaWlndHh3MlN0LTU0QXNNUkpramJaa2VCWFdUTDE5RWJhRGxfbUtDR0xfbDB6emRydlY2U3ZwRHowcEswRlp4R2RzSGlubmtaNWFhb0FJTkdqYVVZeVhHV0JuOFpCUHdYZnJZWURSeUxwSjJ1dEVBeERScDgtSTA2STdQZ0Ny?oc=5,wellness,longevity,0.7,mainstream
2025-12-31T08:00:00+00:00,"Consumers Seek Strength & Longevity Over Weight Loss, Life Time Finds - Athletech News",https://news.google.com/rss/articles/CBMimgFBVV95cUxOUmc3aG9mOXJjMVk5YzVnbWFHejVMeENHV2R5bnlnMkZweVJoakJLYzk2MXdhaTAwb0NVQVJfX3RvS1Z0cFlxeXU3LUtQSlN1RldISFAwTEdPUHRzVzlhYldLdkF0dFBLV2duamZZUGx0bG00dFNMWG9NNjE2N0FlSkFFVDFjb1lEbEtIbmVOTUdMMlFHVXhJMlpB?oc=5,wellness,longevity,0.7,mainstream
2025-12-30T08:00:00+00:00,2026 Life Time Wellness Survey Results Are In: Strength Training and Longevity Lead New Year Priorities with 82% Focused More on Wellbeing - Life Time Healthy Way of Life,https://news.google.com/rss/articles/CBMihAJBVV95cUxQaVlvNXVGWjhPdk5FQzBpeklFemhhWTRWNng0MEZ6YUlabnFYWTYxQWF2TXZvRmVadzFDa3hCWHpCRnBHd2xpWGxjLUZpaVJOVWlMbDVoZVlhTUlVYmNOZXZFX1ZWQlNqV1ZyYXBpaW1vYzRoRVhDOWEzRzgydnVFWnhKR2IxTmd6TUM2S1ZsVjhKQWdRSGoyRVZvNVB5YXk5LVFEUTRMc1dsMjRuTEVmZkQtNEwyVDB1anQyZk1uUU1jb3hoYldyTFMtQ2RqU3NXWEoxNWpYeUtFTnZIc01oNGUxd0kyd0o0ZG9ROGVfREVjc0toN3RiZW9tRktRVGluQU10Mg?oc=5,wellness,longevity,0.7,mainstream
2025-12-17T08:00:00+00:00,News | Ten longevity trends and their hotel applications for 2026 - CoStar,https://news.google.com/rss/articles/CBMiogFBVV95cUxNZ3laN3ZfdHN4Y0JuOWxqdlg0ZFlyRjB3Y2I2aFBSSks3b3lyc2U2dXBJWjBuOHN1YWg5LXUtXy1nQWJaNHh2VGhEOEpwZ193YnhqeXBHckZSMGlDYWNfeGRwS1o4b1Ewc2M3eDZuTnM2N2pLZlN3YnZ3ZzFZeVN4eWo3blpFaFJtbmRnVWtPaExLLWwyOGtUVTJ0empDQTVXaHc?oc=5,wellness,longevity,0.7,mainstream
2025-12-16T08:00:00+00:00,Inflammation care is a key skin longevity trend for 2026 - Cosmetics Business,https://news.google.com/rss/articles/CBMigwFBVV95cUxNM1ZsNTFIM01mS2RFWFFCaGoyQzJZTVlFTVVYcTZZVF80WmtWYU9TRGtMeDFYQ3lkSTJXemktZlA4ZEpLZlp0SWNzSjdadEQ5S3pKOWs5Wi1CM0M5aUg4cmh5cm5OdmNZNmxia3ZhcDdxenAtWE1ucmlGSVBkMHlhWGxKdw?oc=5,wellness,longevity,0.7,mainstream
2025-12-09T08:00:00+00:00,Serena Williams on how she pursues longevity – and how you can too - USA Today,https://news.google.com/rss/articles/CBMiwAFBVV95cUxPMXo3cDhvSUJyMTlXRVBWMWNoT1VzS2k3QzF2RHIyRUhXejFMX18wbl90Um1RY3l4UmpZQURlcGZLRVQ5MXV6TXRqS3VQMEV2LUsyYmtoMi1HeDBFSFdRRURkeFI5OC1XUG9NWGYySEVvN1ppZlVwSFpwSkJRTmc3UW1aa1dtUDNBUHoyVFdTS1FEZ1A5RTdZV0U4cVd5LTl5S09yWEJzcXJ5RXo2SjNsTnNMdS1qaUZhN3BvVkVyVUQ?oc=5,wellness,longevity,0.7,mainstream
2025-11-13T08:00:00+00:00,"Longevity Spending Will Transform the Global Economy, UBS Predicts - Athletech News",https://news.google.com/rss/articles/CBMibEFVX3lxTE1ueURCbDNyVDVySWNLcWdVSE5MWDBhNmFGd0ZwRVVVSGxhaVRUZUFCQzhTQVNQYklVSmxIZmRrbTN3MHJzbUpSX2xHQXRNc0tlUUZpNkppaWwzdGdSOFdQWmhycDlTNDNyVlluVQ?oc=5,wellness,longevity,0.7,mainstream
2025-11-04T08:00:00+00:00,"Move Aside, Anti-Aging. Longevity Is In. - Metro.Style",https://news.google.com/rss/articles/CBMid0FVX3lxTFA5YnVsX1J0VHlURmdlcGQtLVlDeUlQaDlmWTlmNlZkVGQ0UEZrbnB5SGNIdXZVOUthdVhpMWpibDduNzBEQ3RPTkw5bmtiLWJHR2RSWFYxdG5XclBINnBUMXNveHRyVFRIQzNxQWpzNHl4WkROdFpZ?oc=5,wellness,longevity,0.7,mainstream
2025-10-13T07:00:00+00:00,Home Saunas Are the New Luxury Flex in Real Estate - Men's Fitness,https://news.google.com/rss/articles/CBMifEFVX3lxTE1mTGtDcWRQMkFrazdpaVV2cVRFU21PX3ZKaFJBb3RSSUNUOExjX3FDR2ZJT1FGYWUwa25rTmh1UjM0MlFoNUIyQlVVT2oyc05BZlpSWUZPVGNCaTBtUVRZN1p4dUZPLU5jZTFFSWFVUlpPUzhWQ0pwQkxOM1k?oc=5,wellness,sauna,0.7,mainstream
2025-09-21T07:00:00+00:00,Top Longevity Trends Shaping the Future of Beauty and Wellness - BeautyMatter,https://news.google.com/rss/articles/CBMilwFBVV95cUxQLXZNS01nX2czZG4zYllMQTdaOXplb0xqdVhpcDRaUXE5VGV2UzNJQi1kd3E1UHJMVXpTYmMyd1EtZDAzX2puNndaVFV6c1BlN3RFa3FBbTd6T2Q1ZVc2bXlrLXgxdVVVWXd1NjNPa1RJRXNMSkhJSC1kQnp4bTRhc1pnd1laQ2lURzNVSVJsX0NWVzZtNTFz?oc=5,wellness,longevity,0.7,mainstream
2025-08-28T07:00:00+00:00,The Future Of Wellness: Top Trends In Longevity & Medical Tourism - Forbes,https://news.google.com/rss/articles/CBMiuAFBVV95cUxNVXNqaThYUTZseXJkc0pYM1FGM2dveFJGVDJNVFFjenF1WFNMSFptZTBHXzBaeXR4V2l1Qmo2X1VMY25LS1llT0VsbmdyNk1odUZUY3BjeTJ2TGxiVWRucXVsaW5Xd2pGQ2RrelEyTE5QdXhyYVRPVllKd1VEOG82VU52LXE0SVE4cTFVX3B1Tzk2N3p6OVk5bUJldGwyNUd6NnZPNFZENnp0a2Y4bVkzd2JZRWtGWWIw?oc=5,wellness,longevity,0.7,mainstream
2025-06-12T07:00:00+00:00,"Longevity, beauty, weight and mental health top McKinsey’s wellness trend predictions - NutraIngredients.com",https://news.google.com/rss/articles/CBMi0AFBVV95cUxPcXFvbVUtbnZ4ZWMyT1dLdUh3QUpKQ0k4ZGdXX1ZzZm1lajN3ZU41Rm9mRnE3emZEeGVEYTI1RW1IRFczV1puT2pNV2NJcjhnZEsyaVJQWEdsekkzNGYyRWZaRFJDZTdKV2ZxUUpuYWctcmp0UnlXa24wLXRqVTNLaUduZS1SWnRGQmpjVFYwdG9HTkVhd3RoU0FDRldUMWIxSmNlRlFBa01qNHk2N0doNmlJVFVlMkdWNmVldHJUT3dHNmthbHpTUDNIc015X291?oc=5,wellness,longevity,0.7,mainstream
2026-10-01T11:44:00+00:00,Nike’s Dalmatian Sneaker Is a Purebred Stunner,https://www.highsnobiety.com/p/nike-classic-cs-prm-dalmatian-sneaker/,fashion,nike dalmatian,0.6,mainstream
2026-10-01T11:25:56+00:00,Joel Lyall Is Flipping His Daily Routine to Stay Ahead of the Fashion Game,https://hypebeast.com/2026/10/ugg-fall-2026-joel-lyall-hypebeast-campaign-info,fashion,joel lyall,0.6,mainstream
2026-10-01T10:08:52+00:00,Dom Pérignon's Latest Limited Edition Bottle Comes from Damien Hirst,https://hypebeast.com/2026/10/dom-perignon-damien-hirst-limited-edition-bottle-release,fashion,limited edition,0.6,mainstream
2026-10-01T10:00:00+00:00,Exclusive: Coty names new US consumer beauty chief as it rebuilds brand support,https://www.glossy.co/beauty/coty-kara-langan-us-consumer-beauty-marketing/?utm_campaign=glossydis&utm_medium=rss&utm_source=general-rss,beauty,exclusive coty,0.6,mainstream
2026-10-01T09:49:00+00:00,"Winter Be Damned, Bad Bunny's Latest Gazelle Is Drenched In Sun",https://www.highsnobiety.com/p/bad-bunny-adidas-gazelle-solar-gold/,fashion,winter damned,0.6,mainstream
2026-10-01T09:40:27+00:00,"G-Shock Unveils the $80,000 USD MRG-D5000 Crafted Entirely in Blue Sapphire",https://hypebeast.com/2026/10/casio-g-shock-mrg-d5000-80000-usd-blue-sapphire-crafted-limited-edition-release-info,fashion,blue sapphire,0.6,mainstream
2026-10-01T09:07:15+00:00,Nike Officially Introduces the Apex Marathon Racing Shoe,https://hypebeast.com/2026/10/nike-apex-marathon-racing-shoe-official-announcement,fashion,apex marathon,0.6,mainstream
2026-10-01T08:49:02+00:00,Nike’s Bargain Retro Runner Has a Pink Streak,https://www.highsnobiety.com/p/nikes-bargain-retro-runner-has-a-pink-streak/,fashion,nike bargain,0.6,mainstream
2026-10-01T08:37:38+00:00,"Matières Fécales Presents ""THE NINETY NINE PERCENT"" SS27 Collection at Place de la République",https://hypebeast.com/2026/10/matieres-fecales-the-ninety-nine-percent-ss27-paris-fashion-week-runway-collection,fashion,mati res,0.6,mainstream
2026-10-01T08:32:59+00:00,Salomon Takes Its Chunky Trail Shoe up Space Mountain,https://www.highsnobiety.com/p/salomon-xt-4-sneaker-gray/,fashion,salomon takes,0.6,mainstream
2026-10-01T08:31:23+00:00,Miu Miu’s Sporty Crocodile New Balance Is Stylish Beyond the Swamp,https://www.highsnobiety.com/p/new-balance-miu-mius-530-sl-crocodile-sneaker/,fashion,miu miu,0.6,mainstream
2026-10-01T08:22:46+00:00,J Balvin's New Nike Drop Is Lurking Under the Surface,https://www.highsnobiety.com/p/j-balvins-nike-air-jordan-4-amazonas/,fashion,balvin's nike,0.6,mainstream
2026-10-01T08:21:16+00:00,What if Nike’s Shattered Backboard Sneaker 3.0 Was a Dunk?,https://www.highsnobiety.com/p/nike-dunk-low-campfire-orange-sneaker/,fashion,shattered backboard,0.6,mainstream
2026-10-01T08:19:14+00:00,This Hybrid Jordan Tank Is More Than Prepped for Winter,https://www.highsnobiety.com/p/nike-jordan-spizike-low-utility-spruce-fog/,fashion,hybrid jordan,0.6,mainstream
2026-10-01T08:17:08+00:00,Nike Takes Its Air Max 97 to Clark Atlanta University,https://www.highsnobiety.com/p/nike-air-max-97-yardrunners-clark-atlanta-university/,fashion,air max,0.6,mainstream
2026-10-01T08:15:31+00:00,Nike’s Weirdest Toe Shoe Gets a Luxe Lavender Upgrade,https://www.highsnobiety.com/p/nikes-weirdest-toe-shoe-gets-a-luxe-lavender-upgrade/,fashion,toe shoe,0.6,mainstream
2026-10-01T08:13:12+00:00,9 New Releases You Don't Want to Miss This Week,https://hypebeast.com/2026/10/weekly-release-60,fashion,october price,0.6,mainstream
2026-10-01T08:01:24+00:00,A Softer Margiela Still Calls for Tough Accessories,https://www.highsnobiety.com/p/maison-margiela-ss27/,fashion,softer margiela,0.6,mainstream
2026-10-01T08:00:33+00:00,"New Balance Debuts the 204L in ""Truffle Salt"" Blending '70s Slimness and 2000s Tech Aesthetics",https://hypebeast.com/2026/10/new-balance-204l-truffle-salt-u204l8wr-release-info,fashion,truffle salt,0.6,mainstream
2026-10-01T07:47:00+00:00,This Bottega-fied ASICS Runner Is Woven to Perfection,https://www.highsnobiety.com/p/above-the-cloud-asics-gel-sd-lyte-black/,fashion,above clouds,0.6,mainstream
2026-10-01T07:07:07+00:00,Paramount-Warner Bros. Merger Cleared to Close Following $111 Billion USD Settlement Approval,https://hypebeast.com/2026/10/paramount-warner-bros-merger-officialy-cleared-following-111-billion-usd-settlement-approval,fashion,warner bros,0.6,mainstream
2026-10-01T05:25:21+00:00,Sony Sets 2027 Release Dates for '24 Jump Street' and Ridley Scott's 'Treasure Island',https://hypebeast.com/2026/10/sony-2027-release-dates-channing-tatum-jonah-hill-24-jump-street-ridley-scott-hugh-jackman-treasure-island-announcement,fashion,jump street,0.6,mainstream
2026-10-01T04:13:40+00:00,"Sotheby's Unveils $450 Million USD Collection Led by Rare Van Gogh, Cézanne, and Monet Works",https://hypebeast.com/2026/10/sothebys-450-million-usd-largely-unseen-collection-rare-van-gogh-cezanne-monet-works-auction,fashion,million usd,0.6,mainstream
2026-10-01T04:00:00+00:00,Veteran exec Jamiee Holmes unpacks ‘eye patch gate’ and why innovation spurred Fel Beauty’s quick Sephora sell out,https://www.glossy.co/podcasts/veteran-exec-jamiee-holmes-unpacks-eye-patch-gate-and-why-innovation-spurred-fel-beautys-quick-sephora-sell-out/?utm_campaign=glossydis&utm_medium=rss&utm_source=general-rss,beauty,fel beauty,0.6,mainstream
2026-10-01T04:00:00+00:00,Fashion Briefing: What’s driving the resurgence of the rugby shirt,https://www.glossy.co/fashion/fashion-briefing-whats-driving-the-resurgence-of-the-rugby-shirt/?utm_campaign=glossydis&utm_medium=rss&utm_source=general-rss,beauty,rugby shirt,0.6,mainstream
2026-10-01T03:14:00+00:00,"Nike Decorates the LeBron 24 ""Greater China"" in Auspicious Cloud Motifs",https://hypebeast.com/2026/9/nike-lebron-24-greater-china-ix5105-200-official-look-release-info,fashion,greater china,0.6,mainstream
2026-10-01T03:07:49+00:00,A Spotlight on 10 of Hong Kong’s Fashion Designers - WWD,https://news.google.com/rss/articles/CBMiswFBVV95cUxNQzFfOWdQTlROSWlBUFdTazZORjdxUzgwbDRIcFh3WDN4ck5lLW5xR1BJZlhUVGNORWlXZ3lGT3FxNU81eXJSOWdQcU5EeWV3d3N0MV9odFAzT1AwME43YlVJck9raFdaRk40czNyYVpDQ1dEUU83Zkk0ellRcmpYWXI2WVBJcTNVclhBODF3OVBIUDlzNV9lbUJYenl5VkRlTmxlbXIwMlNfLXMwZ1RHU1VZQQ?oc=5,fashion,spotlight hong,0.6,mainstream
2026-10-01T03:05:38+00:00,The Ultimate Guide to This Week's Must-Attend Events | What's Hot?!,https://hypebeast.com/2026/9/best-music-event-popup-exhibition-festival-2026-oct-week-1,fashion,shibuya-ku tokyo,0.6,mainstream
2026-10-01T03:00:19+00:00,"SILAS Hosts Pop-Up to Experience Its Autumn/Winter 2026 Collection ""THIS IS HARDCORE""",https://hypebeast.com/2026/9/silas-2026-autumn-winter-this-is-hardcore-pop-up-release-info,fashion,autumn winter,0.6,mainstream
2026-10-01T02:32:05+00:00,"Netflix Tests ""Does Power Corrupt?"" in Tense Official Trailer for 'The New Stanford Prison Experiment'",https://hypebeast.com/2026/9/netflix-official-trailer-new-stanford-prison-experiment-release-info,fashion,stanford prison,0.6,mainstream
2026-10-01T02:20:58+00:00,Stone Island Unveils Its DENIM RESEARCH Fall/Winter 2026-27 Collection,https://hypebeast.com/2026/9/stone-island-denim-research-2026-27-autumn-winter-collection-release-info,fashion,stone island,0.6,mainstream
2026-10-01T02:18:25+00:00,Ron Herman Releases Exclusive Moncler Zip-Up Jacket and Pants,https://hypebeast.com/2026/9/ron-herman-moncler-exclusive-zip-upjacket-pants-release-info,fashion,ron herman,0.6,mainstream
2026-10-01T02:18:03+00:00,"J Balvin and Jordan Brand Reveal the Latest Collab Air Jordan 4 ""Amazonas""",https://hypebeast.com/2026/9/j-balvin-jordan-brand-air-jordan-4-amazonas-release-info,fashion,air jordan,0.6,mainstream
2026-10-01T01:19:59+00:00,Netflix Unveils 'The One About Matthew Perry' Docuseries Featuring Unreleased Family Archives,https://hypebeast.com/2026/9/netflix-the-one-about-matthew-perry-docuseries-official-trailer-release-info,fashion,one about,0.6,mainstream
2026-10-01T01:15:36+00:00,STAMPD and Dickies Team Up for Second Collaborative Pants Drop,https://hypebeast.com/2026/9/stampd-dickies-second-collaboration-release-info,fashion,stampd dickies,0.6,mainstream
2026-09-30T20:18:32+00:00,Role Model Wears Jeans to Bed (He Showed Us),https://www.highsnobiety.com/p/role-model-tour-interview/,fashion,role model,0.6,mainstream
2026-09-30T18:00:23+00:00,FashionTEX Digital Fashion Show showcases student innovation in Riga - Fashion United,https://news.google.com/rss/articles/CBMivAFBVV95cUxPeXZNMXdSbnRQcEdmWW5wOUNvR00wZlg2OGZnOVMzMloxU2JKaXNucTVmZHFKTjlUeGthMkttYUcyaFp2cGx2N2J6YzI0UW9yM3ctcWdLTW1qZUtka3FxZzlBdk84U3hBMnhJRTZFVnQ2R19QVDd5SnQ1UFZMYU1TdHluN3QwMWY4ZGQ0OVZDNkNEckNCeG01Q1VTdS1SSVZLa1FmYU00UG1EWDEzSjFpQk5kWEZtQ3pTSHpWNg?oc=5,fashion,fashiontex digital,0.6,mainstream
2026-09-30T17:06:22+00:00,Supreme Might Want to Scout Its Next Artist Collab at This Book Fair,https://www.highsnobiety.com/p/printed-matter-2026-merch/,fashion,supreme might,0.6,mainstream
2026-09-30T16:17:38+00:00,Beauty Freak: Now You Can Smell Richer Than Ever,https://www.highsnobiety.com/p/ultra-luxury-perfume-balenciaga-loewe-hermes/,fashion,beauty freak,0.6,mainstream
2026-09-30T15:53:00+00:00,Crocs’ Trail Racer Gives the Clog Brand a Gorpy Detour,https://www.highsnobiety.com/p/crocs-quick-trail-racer-v2-cordura/,fashion,trail racer,0.6,mainstream
2026-09-30T13:26:34+00:00,K-beauty glass-skin trend exposes safety gaps in viral skin care - Personal Care Insights,https://news.google.com/rss/articles/CBMihwFBVV95cUxPV0tvVWpzNGQxUm56SnBLS3NsMVNtMnRURDVsMU51OG1fdmNxeUx3anhha19LOGtQZ0VCSkxONUZTRlVrRi14RXZ4WWg0OEcwUlV5T18tTVdfdHBRY3dQeWJqdVVrcVROSUduOFRtd1FXd2ZkTmtyM3RpcHpSMFRKTTlFdXZOdTg?oc=5,beauty,k-beauty glass-skin,0.6,mainstream
2026-09-30T05:08:00+00:00,"Durga Puja Beauty Trends 2026: Ten Makeup, Hair & Skincare Essentials - Outlook Luxe",https://news.google.com/rss/articles/CBMiuAFBVV95cUxNUGFDRlpERFA0eXBIa1k4UVJWTEJYYnpnbTAzVGxqYVlnZms3M0pkdjd0U2NlM3FON3BBNkc3ZE5nS2ZabG8wWGxKemM4U2NTUlY0dnRvNS1qNXVQVWRkNzJycktMOC1vZ19wRjlFbDU1eGtwRGEwQ1IzV0hTbmI5NEdvY0VtS3BIQlk2OFlCTnBkM0xUOExFMFFVSnRhWVZKcWwxM3hOWGxjY2RBaVRJMjhuLTdiYVJm0gHGAUFVX3lxTE1MNU0zNXJUeFJTS29DQUdRMGcxaXYwTTNIWEdJWnVkOG1BUHU0TTVOVTdDajQ2eDVaUmx1d2NFQU4zRXQzd0NyVTBzekg1aTdRRTU4a1R2ZS1CMWRrWjVCMlNvX1dVNWp2WWY1cjVWbEdhblFJamJkcGkxYVB1R25HdktnbHFteEFZcVlJYUlDZElteGQ0RHRlR2ZjRVgtV0NYWkw0cVQyMjRjMWM5YTl4Y2t3OFdVUGFFVEV1UWJfQ18zS2p3UQ?oc=5,beauty,durga puja,0.58,mainstream
2026-09-30T04:00:00+00:00,Wellness Briefing: The teams behind SweatHouz and P90X are launching a ‘daydream studio’ for brain health,https://www.glossy.co/beauty/wellness/wellness-briefing-the-teams-behind-sweathouz-and-p90x-are-launching-a-daydream-studio-for-brain-health/?utm_campaign=glossydis&utm_medium=rss&utm_source=general-rss,beauty,wellness briefing,0.58,mainstream
2026-09-30T04:00:00+00:00,The Lipstick Lesbians: ‘AI can recommend a lipstick. It can’t tell you how it feels’,https://www.glossy.co/beauty/lipstick-lesbians-ai-beauty-discovery-leaked-labs/?utm_campaign=glossydis&utm_medium=rss&utm_source=general-rss,beauty,lipstick lesbians,0.58,mainstream
2026-09-30T04:00:00+00:00,Beauty brand Cakes wants to turn its TikTok virality into an owned media strategy,https://www.glossy.co/beauty/beauty-brand-cakes-wants-to-turn-its-tiktok-virality-into-an-owned-media-strategy/?utm_campaign=glossydis&utm_medium=rss&utm_source=general-rss,beauty,beauty cakes,0.58,mainstream
2026-09-29T09:06:33+00:00,'Pumpkin-spiced beauty' is the cosy autumn trend to know: 4 products to try – from skincare to haircare - Cosmopolitan,https://news.google.com/rss/articles/CBMilgFBVV95cUxPYXlGcWo2b0RPSXB2UUZHUVhrUzUtcUs2emp6Z1FFS1dpVlkxelhvVjVYQ1hta0did0hoRGh5OHlxT3NyQjYweGgxcUdvbUN6ZXJXSkJtQ1FLaHE4amZQN09pWWd0WF9FS2lhX1N2Zm5mSjktN3F4RnJ4bEdjMUt2dGFTbDVrSzdaM05wcFZQbksydFVtbUE?oc=5,beauty,pumpkin-spiced beauty,0.56,mainstream
2026-09-29T07:00:00+00:00,"Valencia CF and PUMA unveil the 2026-27 Third Kit: a bold design that fuses fashion, innovation and fearlessness - Valencia CF",https://news.google.com/rss/articles/CBMi0wFBVV95cUxNRGJxMUlkTUw3cjc3dHo5LXM0dFZTRkxtazhwVGctUlNuU3NiWXVvRXRacFZOTFlKNWFzWGFTcTh6VW9BQXJhVUo4SHlNdGR1aUQ3S1BENm9iamNoZWJEaFcwVDRFb3ZVS084SS16TDdXaEpkN0lvdGZ4T2tNYm9WMkxZV1RwNVg3TzlwWUJ2by03SmtmYy1jSkgzRVZaVG51Ym85RzJDV0szMl92S2YzT256bzVjUlYwSGN6MjVUajBzU3d1TWMwWE9RRFN2NDZTMFdj?oc=5,fashion,valencia puma,0.56,mainstream
2026-09-29T04:00:00+00:00,Beauty Briefing: Fragrance is taking a page from the romantasy craze as Fine’ry teams up with ‘A Court of Thorns and Roses’,https://www.glossy.co/beauty/beauty-briefing-fragrance-is-taking-a-page-from-the-romantasy-craze-as-finery-teams-up-with-a-court-of-thorns-and-roses/?utm_campaign=glossydis&utm_medium=rss&utm_source=general-rss,beauty,beauty briefing,0.56,mainstream
2026-09-29T04:00:00+00:00,"Perelel Health hits $100 million run rate, hires Rare Beauty CMO on growth path",https://www.glossy.co/beauty/wellness/perelel-health-hits-100-million-run-rate-hires-rare-beauty-cmo-on-growth-path/?utm_campaign=glossydis&utm_medium=rss&utm_source=general-rss,beauty,perelel health,0.56,mainstream
2026-09-29T04:00:00+00:00,How Van Cleef & Arpels and The Wires are using AI for product discovery and personalization,https://www.glossy.co/fashion/how-van-cleef-arpels-and-the-wires-are-using-ai-for-product-discovery-and-personalization/?utm_campaign=glossydis&utm_medium=rss&utm_source=general-rss,beauty,van cleef,0.56,mainstream
2026-09-29T04:00:00+00:00,How Unilever sees the line between beauty and wellness blurring,https://www.glossy.co/beauty/how-unilever-sees-the-line-between-beauty-and-wellness-blurring/?utm_campaign=glossydis&utm_medium=rss&utm_source=general-rss,beauty,beauty wellness,0.56,mainstream
2026-09-28T19:08:52+00:00,Why We Can’t Innovate Our Way Out of Fashion Overproduction - WWD,https://news.google.com/rss/articles/CBMiugFBVV95cUxNNWVRZzdsUzFnS0FFWUlzNlJlQ3VVQ29ZRE5VYmNwRUJfak1vTWhrWFVRNURLSXFlWnVDWEVxcTRlNnVkenE2cEZuZ3VKTHNRRWQwaUdlQWNBcXgydk9VcXNYc2FyV2ZraFZUU2RJU3BmdkZEX184OHlZOXRIQVlJb3VhYXdvUXFzaVR1VjZtM1J1ajRjN1ZfMlBHSE1IdjBUMVcweUVrc0Fwd2RsVGVfaTZ2Q0syUnF6Rnc?oc=5,fashion,why can,0.56,mainstream
2026-09-28T04:00:00+00:00,Burton at 50: The snowboard icon sets its sights on streetwear and China,https://www.glossy.co/fashion/burton-at-50-the-snowboard-icon-is-setting-its-sights-on-streetwear-and-china/?utm_campaign=glossydis&utm_medium=rss&utm_source=general-rss,beauty,burton snowboard,0.54,bubbling
2026-09-28T04:00:00+00:00,‘Not hiring’ entry-level talent: Industry acknowledges runaway crisis brought on by introducing AI to the workforce,https://www.glossy.co/fashion/not-hiring-entry-level-talent-industry-acknowledges-runaway-crisis-brought-on-by-introducing-ai-to-the-workforce/?utm_campaign=glossydis&utm_medium=rss&utm_source=general-rss,beauty,entry-level talent,0.54,bubbling
2026-09-26T07:14:00+00:00,Five Anti-Ageing Beauty Trends Transforming Skincare This Season - Outlook Luxe,https://news.google.com/rss/articles/CBMipwFBVV95cUxNVllDcW90dm9WenZ3bkV1M1V4S3p5bGVYYUx5TVNIaWNEZXRlQ01JRkRvaEc3bVNqRzlrSTJkVkw3Zmczb2NLUzRWT3lsUko3NnN0cUR3SmoxRnluNFlEQXo4UHlNczYtZjdoejRUX0hrOHRaUno4TU9mRzNZVEZlSUo2cUQxOGNXd2tCR1F2WUFSemVDclFSbVpHYjFYYTRyb3FBRF9Lb9IBtAFBVV95cUxPSHhMc0pOSENfTHBGLTBHR21WYzlkMDl6TUFwcnhnV1h1T3A0RTZEc29EcWYtamRoSGNVUVBBRF9hci1GOFVfUmhKallXQ2NGYS1lN3ZJZU5yZmFINzBfNDJwRG11SEhQbTdOc3IyT2ZyM1dwZWcxWlplOGNKRzZLQUJ1T01jLW5LVURBOTNsWWF3THYybUIzTmM3QkV5YUdJeFI0WFExaGNPMmdfVzFwQ0VWakE?oc=5,beauty,five anti-ageing,0.5,bubbling
2026-09-25T07:00:00+00:00,MSITEK Participates in New York Fashion Week Retail Innovation Lab - thesentinel.com,https://news.google.com/rss/articles/CBMihgJBVV95cUxNMFJmVzlTa01ndXBIV3JKZjFqTm9sSkdJNThiSHhCQW9CeGV2RHNPR0xlZVZvMDV5Ulc5dm9lZHZfMF9Mcm1GaWxvVWxaOVJabHNGNm1pWXVyUkdzNGxhSnJuNzMxUU9DQS1iVHI0eElXYkpzQWZHb2t6SUNlZm1lNnJLWVAyZWluclVrUEhsS3RCV1o1d1R6MFk4MEx2RmVLbWR5RHVFdVNSQ1IwcE5ZV09tbUJBSUJLZVBWV0NXQzV0SWpNTDlKd2ZUdWctbVFROU5LSm1DRjBBVlZUcWJYUDdwaGJSU3p2Zy16c0d2SWp4LU5oMHhFeDNqSWg3WG5saHFPNWJR?oc=5,fashion,msitek participates,0.48,bubbling
2026-09-25T04:39:37+00:00,Retail technology innovation of the week: LolaLiza taps AI fashion avatar for new store opening - retailtechinnovationhub.com,https://news.google.com/rss/articles/CBMi3gFBVV95cUxPQVFlbXBPMk1feFdLQTBIQ0lCSWFEeTdTaWUxcVVrQndlYmZwU3I5NmVRWG9yZkZwNjBqMlZ2WXRWZE1mN2h4dEZzVUlkWF9HOGY4LVdvNWxhSS1NTVJSeWN4VEhNRTRoREN5YUJZSGFLVHBKVnVMWmRnc1pUd1V2TnEtczZvMjJsZFRjcmY4M0xkMHBFOXc3NGVrZXlnWnNBRkpabDJlUHhOVlVLN1VNb3lSV1VHS3dkbWd5cXBuTmZvUlJESzdqSTFPU3drVTQ0Y2gxeEI4T2hINWF6bFE?oc=5,fashion,retail technology,0.48,bubbling
2026-09-25T04:00:00+00:00,London Fashion Week got more commercial. Did it get better?,https://www.glossy.co/podcasts/london-fashion-week-2026-mulberry-mcqueen-burberry/?utm_campaign=glossydis&utm_medium=rss&utm_source=general-rss,beauty,london fashion,0.48,bubbling
2026-09-25T04:00:00+00:00,How Netflix’s ‘America’s Sweethearts’ fueled a Dallas Cowboys Cheerleaders brand boom,https://www.glossy.co/pop/netflix-dallas-cowboys-cheerleaders-brand-boom/?utm_campaign=glossydis&utm_medium=rss&utm_source=general-rss,beauty,america sweethearts,0.48,bubbling
2026-09-25T04:00:00+00:00,Luxury Briefing: What Harrods and Bloomingdale’s buyers want from London Fashion Week,https://www.glossy.co/fashion/luxury/luxury-briefing-london-fashion-week-buyers-online-buzz/?utm_campaign=glossydis&utm_medium=rss&utm_source=general-rss,beauty,london fashion,0.48,bubbling
2026-09-25T04:00:00+00:00,"Marketers bemoan the culture of ‘good enough — go,’ as standards fall amid the AI bubble",https://www.glossy.co/fashion/marketers-bemoan-the-culture-of-good-enough-go-as-standards-fall-amid-the-ai-bubble/?utm_campaign=glossydis&utm_medium=rss&utm_source=general-rss,beauty,marketers bemoan,0.48,bubbling
2026-09-24T16:48:28+00:00,Amazon & WEF: Innovation in Fashion Supply Chains - Supply Chain Digital,https://news.google.com/rss/articles/CBMiigFBVV95cUxPOFptU29CZnVTUkdBNzFIUTFJTGlaM3hZY0RKVHh6MU04eWYtZzIwNjhMdDBjS2cwNWdtVjVNM2w5cGVGbVBaRktrS3RkZG1rS3A1bU12cVdqU0dmbFhpcjFaS0ktQU1FOUlDMDlBZlI5cTE0NENRc0syNmQ2OXNsdWNPLVkyTG5uRXc?oc=5,fashion,amazon wef,0.48,bubbling
2026-09-24T04:00:00+00:00,"How to make it in Sephora, with Ilia Beauty founder Sasha Plavsic",https://www.glossy.co/podcasts/how-to-make-it-in-sephora-with-ilia-beauty-founder-sasha-plavsic/?utm_campaign=glossydis&utm_medium=rss&utm_source=general-rss,beauty,sephora ilia,0.46,bubbling
2026-09-24T04:00:00+00:00,"Fashion Briefing: Why more fashion brands are using vintage fashion on the runways, in marketing and in-store",https://www.glossy.co/fashion/fashion-briefing-why-more-fashion-brands-are-using-vintage-fashion-on-the-runways-in-marketing-and-in-store/?utm_campaign=glossydis&utm_medium=rss&utm_source=general-rss,beauty,more fashion,0.46,bubbling
2026-09-23T20:12:40+00:00,Why Everyone Will Be Talking About These Fall Skin Care Trends This Season - ELLE,https://news.google.com/rss/articles/CBMiiAFBVV95cUxOY2pXdThTS21Sbk1tcjBFdDRSYWZvalZ3VDE4RFExVkdaN0NMeUI1elpNSENMakF5QUZCbzc0SkFTTTczcThaNmFCanpFakF6dWVJSmZkZ3MtOEw4QWUxUDFEQWFBdnF3dDYyQzBHU1JXQVdMZ2kxTl9NQkNtdDF3WHNlNDQxUkta?oc=5,beauty,why everyone,0.46,bubbling
2026-09-23T04:00:00+00:00,"Wellness Briefing: Proper Hotel is creating a wellness hospitality blueprint, plus news",https://www.glossy.co/beauty/wellness/wellness-briefing-proper-hotel-is-creating-a-wellness-hospitality-blueprint-plus-news/?utm_campaign=glossydis&utm_medium=rss&utm_source=general-rss,beauty,wellness briefing,0.44,bubbling
2026-09-23T04:00:00+00:00,"With Sephora joining TikTok Shop, is the social shopping platform becoming too big to ignore?",https://www.glossy.co/beauty/with-sephora-joining-tiktok-shop-is-the-social-shopping-platform-becoming-too-big-to-ignore/?utm_campaign=glossydis&utm_medium=rss&utm_source=general-rss,beauty,tiktok shop,0.44,bubbling
2026-09-21T14:42:28+00:00,"EMERGE!’s 15th Anniversary Show Was a Celebration of Black Creativity, From Karl Kani to Danessa Myricks - EBONY Magazine",https://news.google.com/rss/articles/CBMiwgFBVV95cUxOblQ5RDJlaGdqVVJ2Q0tJczZTQjFKVWxmc0xxc3pFcVpRTm5wMnR3SHBQR29DS3BqOG56eF9FZHRNS3lWY2E5a2pJNi1yY19Jc3FveUwzNHlKcXVCZFJpUjZIMlFLRHNmeE01OEFabVppZDRhVkFJVUpmYnExV2ZncjlSTFNfU1VLTXpkaDBad1NIbllUaVR2S2NPRUc0dDdmUXpjaFBXY0pfUnhMX1BoZnUwaUxPZlY4X1NyXzJqeFUtdw?oc=5,fashion,emerge anniversary,0.42,bubbling
2026-09-21T13:51:54+00:00,Haute Tech: How Creative Innovation Is Redesigning Fashion’s Brand Experience - LBB - Little Black Book,https://news.google.com/rss/articles/CBMic0FVX3lxTE9lT25lb01GYjRWY09QOFRvMy0wODNteE9ZNkNwZDdUYVlKU1VULUtmR2hqd0hKaVA2UHZUZHlpdTlJN180QVkza2hXWHVxSDdMQ0NRRlNoeUJPZnJhc2NLNUl6RVQxUi1PRHVZalNWSXFFYjA?oc=5,fashion,haute tech,0.42,bubbling
2026-09-21T07:00:00+00:00,A Top New York City Dermatologist Says These Trends Will Take Over Skincare This Fall - Cosmopolitan,https://news.google.com/rss/articles/CBMijgFBVV95cUxOLWJwcWhaY2xEV1hsVjF6b0YtSnFDN1I1THNTa2prUnJsc0pOajIxNkkwNzhuYnlsaDFQUTNhaTNtc3RIYThCM1o4SmJZUGxTblJpQWdOVWZhajdnc0RpTE9CbEVfZm4yVHBOUFZoLWIyYm0weEZDV0FVYTNmMnoxUmRSQzJWSmQyZGdFenZn?oc=5,beauty,top york,0.4,bubbling
2026-09-20T13:03:00+00:00,MSITEK Participates in New York Fashion Week Retail Innovation Lab - Williamson Herald,https://news.google.com/rss/articles/CBMijAJBVV95cUxQaDhuVmtIRHdfWW1TZWVkR1EzdUNkX2EzU3RQYmNKOEx6Nzcwdlc1eEFFbHBDTVV2UVAzVWlFWFJTSTdBYmVZVUFwTmxxbGFGVXZacFRYR3AtQ3N1MlNzOUFuUlZ6YkhBVmI1Q0xLNVdPZTQ5a1d0ZEl0N1lBNEdIbnczMDV2V19vdHJPd2g0QVdwSVp3cWRKR2lMR29FZmNCWkRNNkZaZU5Cd1hYbEtEZ25KSXRRZjVGWkFJWmlUZUhkUVlZTlR4TDN3MTlhTklMcWFvc3FQN1ZpUFIzcjNtZ2dIRVZ5YUJjOWNCczAxN2FsMmRhc0ktekxQY1pjeTNTYkJ2cEhPV09qNWtm?oc=5,fashion,msitek participates,0.4,bubbling
2026-09-17T15:51:59+00:00,Sutyo’s Fashion-First Eyewear Innovation Allows Color Change in Seconds - Daily Front Row,https://news.google.com/rss/articles/CBMiogFBVV95cUxOWnJWWllST3V1cFV2bXpiaTlpM1REam90VjAyS2dhd3RjRllzcUVzcmFjYjlBYkoyUmpJWDhYYkQ5RGZkVHJyYkhoYnJ3TXhHTnVtcjZpZjFVdThrdS1sOER4ZmV2dUVKNW1yeE9LQ1ZKV3hGZld3Zkpkem9WQV8yeGJCWXhwUExyeDVaZ0ZVYnpHRjZXdFpNN2FrSS1FRjV1NXc?oc=5,fashion,sutyo fashion-first,0.34,bubbling
2026-09-16T07:00:00+00:00,The 19 Most Innovative Skincare Products of the Year - Harper's BAZAAR,https://news.google.com/rss/articles/CBMiiAFBVV95cUxNSmNOT09ralZTLXpEZ0xuYXZqTHVOX3RaVXJlWlJqc3VzTV9GOXFnU3NOU1QyNUp6YnNuTTNUbDAzUVBhQUNRVEwwalNrdjB0ZzhwY3JRVEt2T3VjV3Z0YnprNmN6LUtOcVZ0YUx6dkpNU3dETktyMkRCWmlRLWsyRjFBOVlFcGE3?oc=5,beauty,most innovative,0.3,bubbling
2026-09-16T07:00:00+00:00,K-beauty: Why Korea's skincare industry is dominating cosmetics - RTE.ie,https://news.google.com/rss/articles/CBMiuAFBVV95cUxNdzBLZFB4dFNnQnNvRm52OFZDZDhOR0tZbml1WjQ0b2ZDb1JPMi16VEY2b0FDUURnTmNwd3c4bWhWaFp1SHZ5NXdVQjVBWEx3Qm5iT1FJVm05bUNlZEVRY3RkN2VYaThRYWZvc2RGc0JkWXhHX3BYbGNBY0pmUVRhdTY1UkhTM19Hd1pCQjZWc09JUC1SUzhJV0FEckRZSFlRTHZlNThMckowQWhKaEFheTVCQjZsRVpD?oc=5,beauty,k-beauty why,0.3,bubbling
2026-09-15T14:57:45+00:00,"Precision Beauty - Skincare is being reframed as a guided, targeted, and functional regimen - Trend Hunter",https://news.google.com/rss/articles/CBMiZEFVX3lxTFBqMVJ4cHh0enJYVEZkbnR5VURzWDRqTm80UW5EeUljcEZLTjBMNEZ3SUdnTTdIbFlYZTQwaF9PMEo1M0lyNGw5TGtWTlV2dnpTTDM3d0wtRVc2RXRxRHJ3RHVHMnM?oc=5,beauty,precision beauty,0.3,bubbling
2026-09-10T17:57:39+00:00,The Orange Superberry: Why Sea Buckthorn Is Dominating the Skincare Industry- Expert View by Spherical Insights - Spherical Insights,https://news.google.com/rss/articles/CBMitgFBVV95cUxPX1E4TWFVenQwYUZ0eHdTWDhBMXVaYlVSd3otSDVQdGI5SW1LeWU1WG5hMFBVcWUySWtMRVEybm5vcmwzWnVtTmxJbFFHbnA1TmF3dEVLM283MUhnVVM4bEhRbWs0SFhCYklkb3lxRkdEZWpSY1gtVkpDQlp4RnN2aG5mMWZXMXYzVHJVWl9LYmszWGdXVDlPcF80TTI2QkFJdjFvMmdIOGgwTE84SHFBTDZXQWpfZw?oc=5,beauty,spherical insights,0.2,bubbling
2026-09-09T07:58:05+00:00,Kering Launches Kering Generation Award In India To Drive Sustainable Fashion Innovation - infashionbusiness.com,https://news.google.com/rss/articles/CBMiZkFVX3lxTFBaVG42RlVBcmRGTU1UakVxSXlmYWhHZTR2bURNNmRKdnVRNk5Demowa2JQVDNfXzRsVFpsaFBNTlo3aTZ3NzhvaExrVGY0cFJjclVrdTRCLXpmZDdnS2F4eXYtaUpHZw?oc=5,fashion,kering launches,0.16,bubbling
2026-09-09T07:00:00+00:00,N4XT Partners with SAP and RE/DONE for Retail Innovation Lab During New York Fashion Week - WBOC TV,https://news.google.com/rss/articles/CBMilAJBVV95cUxNWFdFVmI2VnloMEQwTTFNQVJrVEpsZS1uR1A3OVpzbmU1QndlWEtsSTdEU0t4ekJqZ1JyT0RCYWRfbjYyVVlORlp4TEc1b3hPTEJtR1gwbVNQYkNDblpwRFZYQ0RMbXRmY2t2VklIanhWc0p0NEpwQ2hNV1dHbXY2LThjQ3FJZzY0ZEVmTjE4T2YtQ2t0N0hzU0VvZHFLUHBrdEwxR0Y0TTFBQlRBWmdzejROY0xFNzl1d3dhYzNvSDQzeDlETTRCN3hVUEFPaWNnbzhkRlRmc3BscFprUjU4S05JVnlaeDhWN0M4YWhrNEowQUp3MVhCekEtWVFlY1NBdm5aZzBiaU1rYmw4aVJQVWlIZlA?oc=5,fashion,partners sap,0.16,bubbling
2026-09-08T07:00:00+00:00,These 17 Korean Skincare Products Deliver Serious Glow - Byrdie,https://news.google.com/rss/articles/CBMib0FVX3lxTE1sc1dUR0l3QkxvbDVjMnk4bzBxd0RKMW13ZVFBZlRLQmFwM3gtdjR1Sk5vZkp3c2xFNUc5Tm9ycThJWGc3TnVZekNOWHNYVHppZEhWWkZ6NjFwQzlZakk2VERaNzlNRVVxaGk1a0ZUWQ?oc=5,beauty,these korean,0.14,bubbling
2026-09-03T07:00:00+00:00,Why Dermatologists Are Rethinking the 10 Step Skincare Routine - The Chalkboard Mag,https://news.google.com/rss/articles/CBMifEFVX3lxTFBHZ0FyQ3BGNlBYRWVoUjFhenIzX3VLY3phSHNrZVN1THBQMnRFX0huNnV4VEF6RW9mQmtTeEh3RlNXRWdwMzhfd1hRbnliWENVQUFMOXMzbVZxeG5vR3F1bWFwRVQydUViZVg1X0p6b1V1ZlJJSE1jTFNoZ3E?oc=5,beauty,why dermatologists,0.04,bubbling
2026-09-02T07:00:00+00:00,GENESIS AND THE COUNCIL OF FASHION DESIGNERS OF AMERICA ANNOUNCE DESIGNERS SELECTED FOR FOURTH ANNUAL AAPI DESIGN + INNOVATION GRANT - PR Newswire,https://news.google.com/rss/articles/CBMilgJBVV95cUxQOGFXX2Nzd2xJZTlSdE0tM096Ylk3ZEVpZ1FrVFRLekFWcU5YMUhDRlVabjJ4OGdDNVduZlRDUlBfbU1CREJuM3lKVWhhemxLVEN3Vks3YWUyX0xZbXoxM0gyVng3MzRpdWFhNGlpamhodkJPWWwxNUlaVkRYcUpKYzFRZE1LY0k2cDBYNjUyLS1IajB6TnB2WnhzQ1VfRVI0c0lWVVhhWXN5ekg5aGFEMVJKVC1fRUt3M20wUjQ5cC1Sak1jRmduWXlhcjBlSmlPQ1RIVkpabFNxYkRZSlBVNWlhLU5VUG9VRFlBVGZGV2kycWtnVUI3N3UwT204SGZKMU1EN0NmTWVORTlHN3lVTU83am9Vdw?oc=5,fashion,genesis council,0.02,bubbling
2026-09-01T07:00:00+00:00,"Fashion, Water and Material Innovation: Advancing the Water Action Agenda through Kelptex - The Water Diplomat",https://news.google.com/rss/articles/CBMixAFBVV95cUxNRzlGTHgwRTgya3lDZHVkWFJldUJ4TkJFXy1iZDJZMl9SX0M0UXgzdTVpMm1ObFNmZEh5UlByTnpxMXM0eU5Td0cyZW5Va0VPUVNUY1NXT0VldFZxTXI5cFBaMGRCVEI5MER6Mk05VDF1ZHhIT3pHWE5IalBZRGJyOTh2aHBoWGtydE5UX1NwMUNvbUZSM1Fsd1VqWUVIaUhjZ1F6Vjc3RHBEeXRrdU1KMDVmaWFUdkVFMEdvRnNVVjF5eTZw?oc=5,fashion,fashion water,0.0,bubbling
2026-08-29T07:00:00+00:00,"AI-generated fashion models: innovation, illusion or a step too far? - Cyprus Mail",https://news.google.com/rss/articles/CBMiogFBVV95cUxPd0RJR2lfX2JhUXpTQ1RCaWZKM3BMb0NSbUJzUmxPd3pDa044cW0tal9SNFYtaUVvd0JhNFFjUnBtR29YMTRaMndNWV9YNGEtN3VkZExCYlpsV2hwX04wLUZEeHQwSmVuQnhXMkZkQzRjNUpkTDVDUk96WEw1TXJoaXZrTUdaYzQ0UzJwZEQ3SUFWMG85WVowdFBRTFJzX2d3M1E?oc=5,fashion,ai-generated fashion,0.0,bubbling
2026-08-27T07:00:00+00:00,7 Fall Skincare Trends A Specialist Thinks Everyone Can Benefit From - Refinery29,https://news.google.com/rss/articles/CBMibEFVX3lxTE1zZVZuVUxzNnh3R2x6a29tb2EzTWhCa0FfdXQtYXJ1b0JaODVXT2xnZW8xbDQwZDhhRlBDTTRkbFN5cWFmRmxrQ0lJMDRZUENIQ2xKdUEzWGFHR2pzMF9pOWg4NGhpazlOakk3MQ?oc=5,beauty,fall skincare,0.0,bubbling
2026-08-19T07:00:00+00:00,K-Beauty Trends 2026: Korean Skincare Trends Shaping Luxury Beauty - Forbes,https://news.google.com/rss/articles/CBMitAFBVV95cUxPMXkzOEhOM0k2RV9QV1hUbWlZSDhQZ2dGbWVZNHp6XzM3dWtvVTU5OTlJa3NROGF6R0ZjUlg0eHp5WTFUUmUzdElxSE9iX1JVTDV1cUdHeHBrVTVFLXRyTWVGWGVLWVdaOWQwMjVKSVVPbmxBRlhDOFp2cmRnd3JITUFibWR6UF8xSFo5aFlqem5hR2phaU5qdmx0SXJtdjJzZFA2ZmNFbTV0R0g0ZmNqMGYzZnI?oc=5,beauty,k-beauty korean,0.0,bubbling
2026-08-19T07:00:00+00:00,Are sardines good for your skin? Experts break down the controversial 'beauty food' trend - USA TODAY 10BEST,https://news.google.com/rss/articles/CBMif0FVX3lxTE5qdGVxeUlGUWExTE9XcjdWRkdUSy1KUHgtNkJDT1YwVy0wczJoVTZ3R2NqVzVrbTdvLXM3al80Z3hpMjUtWi1XbXU3Uk9pRkktaU9tOFpyNDZPTUlIQXVnUUMtRk9JT1BZMHBVV2EtQ0ZDUEVjQzFjM0hXREU5LUU?oc=5,beauty,are sardines,0.0,bubbling
2026-08-18T07:00:00+00:00,Traditional Craftsmanship and Innovation Collide at the 2026 Santa Fe Indian Market - Vogue,https://news.google.com/rss/articles/CBMid0FVX3lxTE9WRGJONlVudHlEZGFYN2toUUhnQk11R2JhUXg0MUZMNXlqeWN6czZSLTZwdVNSTkFsVDVOV0xncXZXcGhWa3p5cHBhU08yc2k1NXJGT18weGNJdWxHcDhva3BybzhqcHVaNXlxTzZ4Z3NQQ1VRbm4w?oc=5,fashion,traditional craftsmanship,0.0,bubbling
2026-08-13T07:00:00+00:00,Commercialising Fashion Tech: Hong Kong Textile Innovation Goes Global - HKTDC Research,https://news.google.com/rss/articles/CBMiYkFVX3lxTE1EZkh0R2t3NzVJR1VqcHVGWXBVeEtqQS1vb3NuQ1RHM1JKTHlETTFVZDREekN6U1ZoMkJYNExZVGw0VVNHcG5HX3dyaVJCRjN3cTdENmtndVZLcEtDR211N2FB?oc=5,fashion,commercialising fashion,0.0,bubbling
2026-08-11T07:00:00+00:00,"US Beauty Industry H1 2026: Prestige +7%, Mass - Circana",https://news.google.com/rss/articles/CBMixwFBVV95cUxPODlGdWF2d0xaSWczUFFqOXprNXhUOWZxaHNJV3pWMDBxOUE2NzlXdkdBTE5La01IT0JYeGM1VFBzYzBFVC1mdVRLd0tJNUNjUzlJNWlocUhBYjZzdUF6Wktwc2lTcGJDSUdiVy1WWjhNaDl5M0Uzbjdid09JVlAwankzdXNjMjhTOXV0VmZJbFpPUW1SYW5uZ1c2MVI3cWZIRFEyQ1g4cFIxZ25BZ3JUcXNoYzAybS0wTzc4MV8xRFNvTmRNbk5z?oc=5,beauty,beauty industry,0.0,bubbling
2026-08-11T07:00:00+00:00,Lazy Like Me? The Biggest Fall Beauty Trends Include Looking Smudged and Sleepy - ELLE,https://news.google.com/rss/articles/CBMijAFBVV95cUxNVEx5XzRRemV3bHB0SWcyZjdGMk1FZVk1N0UyWDVqRDZpZFZjdEx3R3hQa3AxakNJOUI2dzk2eXZ4Z3A1OXhXZkxUWTFKbnBnWlhIa0tTVENzSHRra0FJeE56SG5Rb0RIbGFxemJhdUdlSFNXeUJ4eTRXUkFnU0dlOS1VSDJIaWR2QzZrdw?oc=5,beauty,lazy like,0.0,bubbling
2026-08-10T07:00:00+00:00,Hugo Boss: Head of innovation departs - Fashion United,https://news.google.com/rss/articles/CBMikgFBVV95cUxQN256bzRPU18wS3VXT0ZaWVlfZlZoWllWYTYwTWJGUmRJanVBNG5ZV3d4ZkRSWHdKdkhmeFNXTFo4aXl5N1NzanV2THlOWG0xUEp2MXYwVWhDQ0xTZmpDblo0OU1iN0hWU1Q3SVVzam9zaGZZeThYZFFhTGhkS0J6Vm1hMElBaW0yZU9NOGk5U2RMZw?oc=5,fashion,hugo boss,0.0,bubbling
2026-08-07T07:00:00+00:00,UK student designs digital outfit for Fortnite concert using AI and VR | ETIH EdTech News - EdTech Innovation Hub,https://news.google.com/rss/articles/CBMixAFBVV95cUxNU3A1bHFzY2o5VGZESmtINHk5ZmE4TjZHMVZ5SlliUjh6NG53dHlnLU9KWDQzeWZ0R2Y2TVVqOUtaZXJGaHpIRGxHaTBTOHlKMVI1S3l5WnRYd1pydDJnRXJxVWVPSmlPLVdJUHpyXzk5VXVBUU1NdnpVMzZOdjBTLTE2ZjhBWDFYdlNhUFVHOW1QTzY4VWczWGczRHVVMjNXNGZvOUNIdl9FYzRxd2N5aVVLQjFsa2J4WDBiSldJRUd4UC1P?oc=5,fashion,student designs,0.0,bubbling
2026-08-07T07:00:00+00:00,"Move Over, K-Beauty—A-Beauty Is the Next Skin Care Trend to Know - realsimple.com",https://news.google.com/rss/articles/CBMifEFVX3lxTE01MmNCNHhlclNaVzA1dWtKQTZ6S3d3Z3FOSE4xT1Y0TFE2M1dvb2xnaklHMVZfdWtDS3M3R2RWYm5nZVNlalVqck4xRzZJTHh2R1VEWV9KdU1HZ0htWWlCb0xzU08xWDQ3enk0TTAwWFRKTXc5VmFiMmZ3Vkc?oc=5,beauty,move k-beauty,0.0,bubbling
2026-08-06T07:00:00+00:00,"These are the biggest Korean beauty trends RN, and how to recreate them - glamourmagazine.co.uk",https://news.google.com/rss/articles/CBMifEFVX3lxTE1HMzlQYlVrekwybFA2dFpIbnVGMU81d0N4TjlwUjFGSXppcVRYUUg0NGJfbDhrS2ktaUdfdURmVzluQVo0Y3RoZEkyTF9CemxjcnM1amR5dllGamE0c21MS2hEWjlneGYtTWc0WWFFcXNvZWtBOGwtcWNVSHE?oc=5,beauty,these are,0.0,bubbling
2026-08-05T07:00:00+00:00,How Airlines Are Turning In-Flight Skincare Into Beauty's New Retail Channel - BeautyMatter,https://news.google.com/rss/articles/CBMicEFVX3lxTFA5eTJ2cU13NjBzUjdpc19CM1JtM0RubGZ0YjMwNUlBVlM1VU5FX0RoWXFEUGdPckZabERtdEhuLWVxdW5qekZxQ1NZUmhGVW50M3JRZkJ2emxlamFMT0VRcG0weGVNWU0tTXktUVcybHo?oc=5,beauty,how airlines,0.0,bubbling
2026-08-05T07:00:00+00:00,K-Pharmacy Skincare - Trend Hunter,https://news.google.com/rss/articles/CBMiY0FVX3lxTE11eGRTZHpjNXpUbVZkXzRVRS1DdlgzdlNscFBwRE1wTk9BbGZBdi1qdmM3RV9fLWpYdlI4bmpDLXBkWE5fT0VMLWN4OEpYd3lwQzA0VGpDWnR0eVhMd093aXBraw?oc=5,beauty,k-pharmacy skincare,0.0,bubbling
2026-08-04T07:00:00+00:00,Sustainable fashion is at a turning point - what's needed now - The World Economic Forum,https://news.google.com/rss/articles/CBMipAFBVV95cUxPbncxdFozdFl4Nk1lZjRyM0RwR1d5dlBEVzd6U2VRQ2dOWVFpVDFtSC1EN1cwMnIzTG5BMGJPZVh5T3VSUGlRcXh6Ym12SlFYRHBRZzU4UXJMVjRxa1FTejlwTnplRjRWMFJ0X2RSX0xMSGtGM05pUjZ6WExzeGFFblpOWlpfa0pJM0NzaXl0TklacW5DMUxTTjBzcEY1T0tDR0RfWg?oc=5,fashion,sustainable fashion,0.0,bubbling
2026-08-04T07:00:00+00:00,"AI-generated fashion models: innovation, illusion or a step too far? - The Conversation",https://news.google.com/rss/articles/CBMiogFBVV95cUxOSWxTdWlidlZrck9teVc1Yk1fUkpqVGxraUh1eHVSUE11OHktM0VGMnplQm9Nd2lzMDhKRUluTWswbnkxS1NLRTZ0ZE8wdi1PczhLWHVpNVZ2S0I2Y0h0Y2hoX1Y3NWJxWXZUN2hlQjZxMHN0bDBCM2U2d3JFSFJ3ZWxhSDUtRWhNRUREODc2anpuWEc3SUFsSlhlTHI1YS1JVEE?oc=5,fashion,ai-generated fashion,0.0,bubbling
2026-08-04T07:00:00+00:00,From CIO to CEO: Lynda Petherick gears up to take on the top job at UK fashion retailer New Look - retailtechinnovationhub.com,https://news.google.com/rss/articles/CBMi3gFBVV95cUxNcFp4Uk1NaGJKRHJJbElIaDhxQzdmTUVkYzhtQTlxbG1sTE5EYkR3Y09vSkYtNUIwZjN6OXNUdnJ0TTlHa1ZObUc0MFBQaWF6VF95aGxna3V2LU9pVE9JS29oVXpla3NKaTRmZV9OMlR3S01YY0NtR3RQcVZvQ2U0aC1TeW4tWUhxT1h6VXdldnBCTnVYRG1rbVNhaEFVMEttYkdaVEowMnhDVExzZTNUMDFsakpobFVVZTRyTlAxT2FBRnFYYlZ3R0piSE1RMU9nVTdUZDJ2MUdURHFPS3c?oc=5,fashion,cio ceo,0.0,bubbling
2026-08-04T07:00:00+00:00,Cosmetics Business reveals the top 5 K-beauty trends of 2026 in new report - Cosmetics Business,https://news.google.com/rss/articles/CBMigwFBVV95cUxPQ2dNaGRXSUVOa1doWFc4eHo5OVUtZ091ZjNnWFEwbUc1YUdpMURUdXJVZkdpVlg5azZhb1QxWHZyT1JDQ190OVg1eFFUb3RBS0ZTSGJmc0tfdm92MEZTelg5SXVwRjViRmNqT2IzQkdkTzlYcmh5dUhRZjZoa2pxVzEwNA?oc=5,beauty,cosmetics business,0.0,bubbling
2026-08-04T07:00:00+00:00,"‘Glazed Donut Skin,’ ‘Butter Skin,’ and Other TikTok Trends May Be Sending Teens the Wrong Message - Parents",https://news.google.com/rss/articles/CBMipgFBVV95cUxQSGxvVXF4NlNGc1J0eGZIZGdUU1hjZU9mTzl0MW9PUER5bENHRlU5LTREZl9VWFpSbWp3NFV0M01vZWVVY1p0YWxRVHMwTkxITXcyZTBpaHR6X0JUaUhwazdRVEJRdkVPT0dkM2RXUEdjaE9tdkFabklyUUk0Z1dTbW02S0xQVGNoZVNHellFSHk3ZnNKQ0YwTmdTSGlHMGVNSlBZMFNB?oc=5,beauty,glazed donut,0.0,bubbling
2026-08-03T07:00:00+00:00,"China Insight: How AI Is Redefining Fashion, Beauty and the Future of Consumer Innovation - WWD",https://news.google.com/rss/articles/CBMiqwFBVV95cUxNUk42STB5WXVUZGhqemg3V3FZZGxHbWhQQVlhalE5WUFZbEJVcTgxMm1xb1J6OW16cjdIcXpyVjdIemFITGs2WExSdUN3V3BfcnA2RFNISUYyNkVpNERKaklSZWJkalVKamhkVnN2UkpYT1JFN2xFRXVSN3ViSi1fdTUweUJRbGlRU0diaEMwblBUYURQUFJvT0NWWnhfd2JacE40aU00SDV2UDA?oc=5,fashion,china insight,0.0,bubbling
2026-08-03T07:00:00+00:00,Dubai Culture launches ‘Made in Dubai Fashion Sprint’ in partnership with Dubai Institute of Design and Innovation - Emirates 24|7,https://news.google.com/rss/articles/CBMi4wFBVV95cUxNdWh1UVV0d3lYWHdqX0tBa2ZyUWZCeEYyd0N0TXdlX1BIMUF6UHZJRWhobnpHMlR5WUhjMENqSzBPTHh2ekN6S1JnY3hWRDBlTnNmcjZfTWpBZXMxNlRhMm1YR0w4X1FxcUhyYVN3NTQ4VFN4QzRCenBhQXE0VEZxdTVnX2s0WUJfc0I0d1pnYzVkdDQyaGdkZHozRWYwRzJFRm9peHBtVU1hSlpBRWQxbEl2Y0Rma3BKcExZcEFhNV9ibUpLczZHTUtaWkx4bFROSUhJRTROSjJ5SS1RS1pGOFRGSdIB_gFBVV95cUxPb0R1WWtOamM1Y2hrd3N3cGpEck5xTVAwNkt1QWtnQ3hqQmc1RGtfS3ZzQm51Rms1bVphcXAtdUpIemhTNTBsbEtleXZYUGlELXRESENjZkVVcVRWZ0IzelNyZW84VjRNYzJLQzE3UmI1V3VORTZSWG0wa184ajZoY2FmSnNtV1JDYmVHc3RpZUlKVnk2LUE3QnFJaXNDSEZ6bkFOYVpfMm0xTFgwelRMLWxrNXBZOXN4ZHdhZmhJdFJabEE2bHJLaDZiSkk3NEZJaTFhSGNvQ2NYZFFzWnlKdVg0WGR4SGFxcDhNTlVGNnQxdUYyWGdrZTdVWmFNUQ?oc=5,fashion,dubai culture,0.0,bubbling
2026-08-03T07:00:00+00:00,The Top 25 Beauty Brands Trending in 2026 - americansalon.com,https://news.google.com/rss/articles/CBMie0FVX3lxTE5vUUFWSWZLSFdXbUxXc1ZqMFlSVWJBVl9NMWpwcHpjQkdPYW5zeXlVdEdTR1U1bmVReUc0VUQxRm55SHRUZmdPd2wyb3hlandOVXBvQXZNWnFld29xblpSdVppTWUwQlgwdzdHZnZmVUpEeHZmU1R5QnIwZw?oc=5,beauty,top beauty,0.0,bubbling
2026-08-03T07:00:00+00:00,Skin Care’s Getting Fishy Again: Experts Weigh in on the Sardine Surge - WWD,https://news.google.com/rss/articles/CBMimAFBVV95cUxORnZ2QmRGQ1pIOWJaRWJZWVdhRE1sWEQyM0gxLVZtVDdZOTEyQldxR0pkSGNqeVJBS0UzS0ZzNUxXMEMxYWJlYUV4b05raHA1WG1sMjkzZGxndGVLb0NZZUQ2Q09hTjZpckVScEdocmpFQWU1MDAwUjVVQVgxMW5LTUNwUmlqVmtxaXpsdkIxY1VtMlE3N1Vibw?oc=5,beauty,skin care,0.0,bubbling
2026-08-02T07:00:00+00:00,"AFWL set to showcase creativity, innovation, fashion craftsmanship - thesun.ng",https://news.google.com/rss/articles/CBMiiwFBVV95cUxNdDZWM2pxMlduODlNVUtxalQtVFNoekNMUEFaMXB6MllUQ1pHczEwOHl5TTExY1dla2dLOVh2a2EyNVM0Y0dWME5GaDl0dTBkOVhpUk9YcmpNR21rZjVuYm8yZHBWRTc2V2hBT3hPUTVwbUVrcjl3RC0yQ2VYeWdIZmFkNVR5aE5qdVBN?oc=5,fashion,afwl set,0.0,bubbling
2026-07-31T07:00:00+00:00,The Latest K-Beauty Trend Feels Like Tiny Needles on Your Face—but Does It Work? - Good Housekeeping,https://news.google.com/rss/articles/CBMikgFBVV95cUxQU3FBLUNUVGRPZFVrMFkwQjA2ZVU1LXl1SGVQM3VJYWY3LVA3b2RUT2VLcWFZbHpwYWtOcEJ3N1F6RmtuTGJYbk9oa2hVMThUMDZPOEp3MEFCVXp4UXd3RHNHUWR1UFFfUWEzMDJ6Y0dBUUlIOVNfZVZsbWxrN1ZyRlpHWFBTeHBNZzVydkVRRW8zdw?oc=5,beauty,latest k-beauty,0.0,bubbling
2026-07-29T07:00:00+00:00,CFDA and SOURCING by Informa Debuts Partnership to Advance - GlobeNewswire,https://news.google.com/rss/articles/CBMilAJBVV95cUxPcGNqc1JUT2xSMWQyRnZuUWt4dWk4NVBheXk2bHBoVGhlNzBWSHdXWGNFNW1FQ3ZvWENYZ2kzbGl3ZHh5Nnh3M1g4NE1sdFJVbzV6czhkcENIUDEydXJjZWJYSzJrT1ZUVGtlOTE5UVAtLVNMRExiQ3VFbjBiQTFQa21IN05HTzBPMkhrUFFBaEU3eFBUdG1jZ2tUcVhjSXI3UTRvaURRNnFWX0t6UmxkWW9UMzExSjdZSjVrdExjVmtlVXB2S0FRb1ljTEprd3l1Y0JucGkwZDVieTROV18tUHpSVk5iTElXaXQyc0tQNEQ4N3E1Y1hNZm9hdk5IMnJvdk9qZlg4MHhaZmxNZlRGdU9tblg?oc=5,fashion,cfda sourcing,0.0,bubbling
2026-07-29T07:00:00+00:00,K- Beauty: Trends Into Essentials - Cosmetics Business,https://news.google.com/rss/articles/CBMibkFVX3lxTE1oTjlHSVU4ZDNwM3ZENjdIbmNBaFpfeUZJRkQ3NHpFdnUtT2JIdDBFLXA0Z1VmNENtcEd3VjZoVVo3V1NWUkxiLWdTT2pHemhoY3JiTEZvU0V1SVZabmFPcGV2RXltQ0U1c2hJSmVR?oc=5,beauty,beauty essentials,0.0,bubbling
2026-07-28T07:00:00+00:00,Nigerian designer unveils creative fashion ecosystem to boost innovation - The Nation Newspaper,https://news.google.com/rss/articles/CBMipgFBVV95cUxQWlZ4M080eUxyRkhYQkxqSzJSLU1vc1JCeXJWUkF2NGo2dmtMbWZpc2ZldUhnaGVJMmNYS3RHY3E1QUxkNG1Ka3dtT055akhtQkMtaHdEWXJLb256Mnl2bWRHNC1KS3BKOHNzUGptYVUwazFkR2NDVzVJY2xNZnlfdzI1Y3Q3aGRhcmowdjVvajNUb0Zac2tkTHQyN2E4czJEMi16aUp30gGrAUFVX3lxTFBZd0JkcGk3cGtjTWlDRzlqbDl0ZV9UbDczcUNSbVdKcXN5UklqVkJRTUZkUHYzZU44OXJlbnR0UHAzZjFWQlM2eHhIVk4ta2IycXNrRnAxbW5kY2FGX3lieEp3Q25EdTZ2bDFrb0xwWUdJS1c4bDVNODFjYnhEeXhsNlEwQ2E0OTJYN0gybm9WdDZEcEtDOVc3cUp0NThzcjdiM3JsUTFxem1NOA?oc=5,fashion,nigerian designer,0.0,bubbling
2026-07-28T07:00:00+00:00,Score Hailey Bieber’s favorite skincare trend on Amazon for under $8 - shopping.yahoo.com,https://news.google.com/rss/articles/CBMipwFBVV95cUxNT0U4cm5oeUNUcUlkVkRjRXhjNU10a1JuenFCek41TVVWbDdpd202b1RtUG9rRHZadTRvRWhucUVKVFp2VnhvMUR2cDd3YjFGU29jcWxBOWpQYm5Fc3VCWGRWa09Mekg5LUE3ZWtROGxnb1ZnZWllcWVDU194QmZ3VXZwUEJRYzdwWWZVYzZZSGI3bkMyQlI3STJuYktWTmpmLS1hUjBsbw?oc=5,beauty,score hailey,0.0,bubbling
2026-07-27T07:00:00+00:00,Are Spicules the Future of Skincare? Inside the Viral K-Beauty Trend Dermatologists Are Watching - Sacramento Bee,https://news.google.com/rss/articles/CBMic0FVX3lxTE9QbHZfeHdlYk9fOHBhZnZoXy16S0Fxc3A4TGVkYndQc3hrcVEtVGY2TF81aWNXdk9tNEI3My1nakJtcTIwQjh4bFR6aE9veXBFTHRpNmxKVGNvZDFqRUd3VGRMdE9sTFR2a1JzVDVLbnF6S0XSAXNBVV95cUxPLTA0YUFIM1drWTg1Q1FwXzdVeEFDaWhPTlVubW1QZTQwV1JNTVBWUUlVWHRZbGlPYXBXcktFZTRER0JlVW5mNW1YOVBYUjVfTllXWDNqeGF0clA2c3hNZGtYLTNxQjQ1clRqWWI5dmhLS29R?oc=5,beauty,are spicules,0.0,bubbling
2026-07-25T07:00:00+00:00,Outdated Boomer Skincare Trends That Younger Generations Will Never Understand - women.com,https://news.google.com/rss/articles/CBMinwFBVV95cUxOR3AtcjBlSmViZjdJTWpnQzFwNnZwMEI5ZVJqU0psaGJNWVYxWFQ0bXFONUk1VzRLdTVYaUtsSmhOQTNGNGJQOWhLeC04MlBOVnZNYWkycjExOU5QcTVhZVh3clNJc3NIU1VjNDA5MTVGS2JCcGZHLTBfemtDdVFKeG1CaFZkdWFTMXlCbk9YdVRKS1FvYy1uM1RNSlhOQ0U?oc=5,beauty,outdated boomer,0.0,bubbling
2026-07-24T08:06:40+00:00,Africa’s sustainable fashion future to be unveiled at Twyg’s Africa Textile Talks - Bizcommunity,https://news.google.com/rss/articles/CBMiwgFBVV95cUxQLTNHeU0xRkRBOGJaNUJwUVpPSlJfb3hCcE1tSUw1V2dFWWFZQy1idjZFSXcxNkR1enF3eVduYVlOZldWYUVkZm1lUWd5TTJkcjRCMlczeDlPTXNiNzlyanh1dFBUdnFDVXUya285TklJR2dVV2IxLUdPTmo3UXQyUHotY2Z1V3g0QnNGSHB3RkdCS3h2TlNEbUZoQkZndFFlQXk0d2JOYzctUXZ2d284Wk1ZN1gxQmdLNFhxWVdaMzNodw?oc=5,fashion,africa sustainable,0.0,bubbling
2026-07-24T07:00:00+00:00,"CHRIST University Invites Entries For FLAIR 2026 Legal Writing Competition On Fashion Law, AI &... - Live Law",https://news.google.com/rss/articles/CBMi7AFBVV95cUxNZ3hQTEExU3R4ZHFDa0xDSnhrLUNFaXZHMGFQS3lJdjE2RVdCaUFFNjFfaWdaa1EzaXhwNG14Mmc0dmJrOU1wSFlobXZfdUlaUVJEb0VPSTJrOHk0WnhvQ2VlNVB3dmxsNlNwMkN4WWgtX0NqWnVzN3FPMWo5V3NDVTd4Q3l4MmVDRUFscEkwNXZxN0wzeFBRSmNKaDdYWUV3b2ZvSl9DSXQzXzBMVWJESklTOTlIWXpaSWh4Q0pjc2NweFRra3hZUUNhQ0tNbjkzSklvVmN5bDJVeHlTMURoRGdzakRIMXcxa3N5QtIB8gFBVV95cUxPTTFxWGhRbUhWZmtaN01xSWtuUGhoMGxyOG4wTHhyNDg0NHA2dlpoaWhxamZTTDFQNTBQQTZmbFlPLW5BNUIyZzA3dzd1bkFDdU9vNlVhYTlRSXNCWmRZVEpGU0E4N2o1NEU5RGw0Z19JTWdZSmtlRVJxd0NFd2FDTVdrUTdhQTlzSXBDN3hqTXRwN0Itb2MyWnZqaEtPbXp5Yk9senJ1WGxFdmp6ODBLenJHSXMySy14bVNsbDkwdTAxWVp6bjZhVGpBakpzdTgteWNha0xQeWJPV29ZLXlSajJ6YlRUYVlmWG5OdjRTTExxUQ?oc=5,fashion,christ university,0.0,bubbling
2026-07-23T07:00:00+00:00,"The First Global ""AI + Fashion"" Innovation Application Competition in Shenzhen Concludes Successfully in Futian District - PR Newswire",https://news.google.com/rss/articles/CBMigwJBVV95cUxQWFEwMzVhMEkxaFFDY1llSnZvcUZUTjg2VmhHRFdrRU5NUFFsX0pSVWd5YTN3OTBwNlN0cDFuUV9GZjhOeDk4a2ZXR0VIY1VlT3JfN3FxdmJ5UHctN3UzZlJZSHdpejNERkFHenlJVWRhbXJhTnh4N2FzamJLdlV2cUZsNk5FT3JHLTI2RktuNEQtYVBVd3BwRFo5b0lRWHlSeXJZOERvOWFoWUNzU1pYWlU0VlRJMnB5Q3lQblM4VWJYTVhGUHJQZmdEdjRyZFJQOFFkYzc3MzM1YzZVVWQxWm1LSzVqNldYX2ZxcmdvOXpJNmthVnJjWXhNUWxYNHVfTkJv?oc=5,fashion,first global,0.0,bubbling
2026-07-23T07:00:00+00:00,London College of Fashion students win inaugural AI fashion prize in China - Fashion United,https://news.google.com/rss/articles/CBMizAFBVV95cUxPT0E4R0lNOEc2amN6LTlYVFdmZDVWLVhBRGZDVkhzVTJUUDgzdjJSRFZoZ3kwUWRrbXNRekZBSkJTQk1rM1NxMTQzUG0tT2hUbC1aOGo2TG1kWFJ0aW9WMW50am5aY1BEVDYtVi1Ed2Z3anJyeWtJUTVoTl9HZ3E0NW9zb0ZabGZFd1pQNTdnV0J1Y2FlNVh6WlRfWDJ1XzFFVWN4YTBpeVFSc04tTW9KTmNaTHNfZWgzaDYwSkNPU1pYV2lXX3pYTjlmbEE?oc=5,fashion,london college,0.0,bubbling
2026-07-23T07:00:00+00:00,Vanderbilt & Seewald Global Studio Launches First Combined Fashion Studio Accelerator and Commerce Innovation Platform to Take Designers from Runway to Revenue - Morningstar,https://news.google.com/rss/articles/CBMivwJBVV95cUxORER6UDlDaHppX1lLaXM3em9GdXFpVVc0QmlYVlVZWmU3U0hMblFSa0gwdDVZZG1hUkM5Sk41Vm0zZWJJMGNhQk1kb21mOVpSRlE4Wnk1el83THhqbnFxcGhpcHJxb2lzQWY2R0Q4REIya2l6YUVUMnRTZkdlcTNwZ0ZOdFgzc0h1VV91R3ctaUNBY1NncWdlTFhQOUJ3bWlHTFlSdXZJZTFUVG1LcER2OEFWS3pCMUJfclpvMk1sYWFPVEo4SFliTEhoSnMxYlNJZXZoUkNVUTh3TkRrTFloNUVJempzWlVwQzhsTnEyX09vaE1DOENfcm9kU2haamN6U0VEVk1qUVByYXUzV1N2ZDVHMlB5V28zRl9pY1Uydkl0bXRRZG1NZkdfVlo5emMwdnk1bS1KTkZtcmNRMjhB?oc=5,fashion,vanderbilt seewald,0.0,bubbling
2026-07-23T07:00:00+00:00,FASHION by Informa’s Las Vegas Marketplace Returns: Where Wholesale Buyers Meet Emerging Brands for Retail Innovation & Apparel Sourcing - Yahoo Finance,https://news.google.com/rss/articles/CBMipAFBVV95cUxNd1pqWWY2bmZJOWZ1eEk5bWg2OXFjQW9RSU4zVkdrRTFjSmpDMlZ4ZUNva3hydmxmS19IcU9TRGdXN2p3X0xDc3RxZk5CMzdLSUVPV2lDUU05VzRjcUhDRjdmOGZlRzJFOGc1am96YnBaUHo5UU5WY0w5aTlYa012QXlDZU5XSmpTZzhORjRLanRSWGJxeUFtVVJ1aDZuaWZqb3dfZw?oc=5,fashion,fashion informa,0.0,bubbling
2026-07-23T07:00:00+00:00,Exosomes Are the Biggest Skin Care Trend of the Year—but Are They Worth the Hype? - realsimple.com,https://news.google.com/rss/articles/CBMiggFBVV95cUxQZ1RYN3hSWHJvREhvY3d5RHpJd3FMLWgtZkVxczJHVGpzMVMyQjVJZ0w2WUtXWUhPYW5hVmdDN0JjVXRxUmpKYjU0MW12OGRUZnNWeGcwYnRLZlhGM09ILUUxUTdFS25adVBHZmRnN0FWRHVheGdjR0ppazduNWN5OGh3?oc=5,beauty,exosomes are,0.0,bubbling
2026-07-23T05:51:02+00:00,Emerging Talents: International Fashion Platform in Switzerland - fundsforNGOs,https://news.google.com/rss/articles/CBMipwFBVV95cUxQOHFPQWRfYVowMnhEaV93SzhNNm9vM19tRHJmYWVNcHE3NnRzSjZrc2RLclgzako3QUo1RkVxREhObzBKNlEwam52T1htbnEyWF9MZ0R2eEpyOUtkdm8xbGh1anZyQWtWNVg1UFJGVVJCMDJ1cE1RT3hKdlk3Z3FFZGFyQmd6ejZIV0RXeTgwYmF2SThGOXdjTHd3enI5X3htUVR6YWFfUdIBrAFBVV95cUxQMHNxbXc4YXpHS1otX2lXNFFnNUc1cUZBR1ppM2Y5OWotU2RoZi1ENF9ocDlTZmoxYU1xaDlEZzdTVTN2QXlYRUtHV0Itc1B1SGQwTHNON0JFU25NdEFLV1F0QUFGd0NzNVhnYlZBQTRUb21aT3BYTWN0NEZHelJZdW91WmRkSnVhSElTcnJYTF9nZndYUVJiTzZGQ1p6c1VFbXcxTDJXWHRaRW1r?oc=5,fashion,emerging talents,0.0,bubbling
2026-07-22T07:00:00+00:00,Top Fashion Startups In Japan - TechRound,https://news.google.com/rss/articles/CBMicEFVX3lxTE0yZTF1cDdWeWE2R0Q1UzJUNHRyUWxaUGpLdW5OUjJKNjIyNEdhc2lMZ3l6eGNhclhhNERWcmROdkwzdU0wZ0tuSE1zekFicDhFTlYzZGNtYzFNVVBVVzVzQjNoaUlpWUpaSDdoQ0wwZG4?oc=5,fashion,top fashion,0.0,bubbling
2026-07-22T07:00:00+00:00,“Invisible makeup” is summer’s biggest beauty trend - Vogue Adria,https://news.google.com/rss/articles/CBMiUkFVX3lxTE9RbDc4Z2hrQ2k4NkJKcU5Zb0R5TVpZNGJNbzZrVDlzZ0JubHpjX0NtdGJwV2hIVXVlajYxTnhLVkN5QUU2UHIyZWs0OGZVZmU1cVE?oc=5,beauty,invisible makeup,0.0,bubbling
2026-07-21T07:00:00+00:00,"The Best of K-Beauty: Shop Medicube, Innisfree and More Award-Winning Picks - TODAY.com",https://news.google.com/rss/articles/CBMiekFVX3lxTE5pRWtfNmxFQ01KczlrR1JyaTBXNEFXVENmcU1kbnZGXzBNalU3MDd6R1FTMk5td25WaWd4RlBvcjFIcklOWnVoUGhiZ2l0dFg3WFd0blZ2cjJubGxTMWtFYm9rNlF2VXg5RExMeFZEdFpRUmg2LUl5WW9n?oc=5,beauty,best k-beauty,0.0,bubbling
2026-07-19T07:00:00+00:00,Premium denim market moves beyond fashion into technology and innovation - Textile Today,https://news.google.com/rss/articles/CBMipwFBVV95cUxQUVM5MWRnMVc3MDliTlRjY04xRmRrLURpUUtzRVZ0UUtqcFZVYnFYeWRKQ0JiRWhZZVN6QlMxRkctam1zV20zQjUyZTFyd3U3OUhQSUs0aGF2anU5RnZINzBsS1ZHZV93b2V2WnBOdGxuSTBGeTFfWDk0X2E3SHVhcmVudlJycGJJVkhPZjNibUR6dWhEeWNYT19kU1Q0b3pOZEZtclJSZw?oc=5,fashion,premium denim,0.0,bubbling
2026-07-19T07:00:00+00:00,Nigeria Fashion Week 2026 To Showcase Sustainable Fashion Innovation - Independent Newspaper Nigeria,https://news.google.com/rss/articles/CBMilwFBVV95cUxQS0ctUUxaQ1dXVGZ1YzlUal91V3RNZnVYVG5jT3hiM0R2bW52OU9vSkxwVWloaExPZEJ1TEdHTDFsYmx0dmdJNEIxWmZUb0lkZDNkTE45b0FmLXNsZVFUU0Vaa25HSkpPWHJYd19uVGRYdmxVX21pRGhQSWhwQ0doZnhMVndJOTVncEc0dThoaGZsTnVUY084?oc=5,fashion,nigeria fashion,0.0,bubbling
2026-07-18T16:23:26+00:00,Jeff Bezos and Lauren Sánchez Invest $34 Million in the Future of Sustainable Fashion - ttybrandafrica.com,https://news.google.com/rss/articles/CBMiigFBVV95cUxPRk9JcFZQQmZDQzRnZlBycThaWVp4dllKN3Jtb19sZHJVS3R5anZWV1QxbFFEM2tjSjZ4Wl84d2lhME5HajJnbi1fLUE4NThFMnliQUFzUy1idHZGdU5oUHJudm9rUlZBeEplNmtGcDU4T3IyRTBGZkU0NFNMaG9HT1VNdVY2NUNwQVE?oc=5,fashion,jeff bezos,0.0,bubbling
2026-07-18T07:00:00+00:00,Lauren Sánchez and Jeff Bezos donate ₹327 crore towards sustainable fashion innovation | Hindustan Times - Hindustan Times,https://news.google.com/rss/articles/CBMi9wFBVV95cUxPNm1fQmNNVDdfZEFiZm5pajJ2ZVRuM2RCUjRlWktpNmlkdGQtRjRVRWRzNHJGRElNX0s4M3lTcFlaVndmY2JrRTRuSnQyTDgxM0ZtUlNkSHpRRVFSMVV4SWVkSDkzb1dDWWhPa0lYUUhpaEVxRTFUQ1Eybklsd3VoOGc5cnhleGJfN3hIOHV1Vkp2a2R5aTR4bWNkaTJZOGFOUnpCajF0OXprVzFENnZ3a2k2TElLRG5NVEduaDJ3U0hiMnJ4SGpUV0FDWVVvSUlQMjlKNllRMXBmN0Z3a1o5TC1XZXJCWnQ1dHBSdlUwN0ktR2stOGEw0gH8AUFVX3lxTE9DdWw1cHNWMUpzbnB0c19HWVgxeHBqN0d1QnZ0ZHZKUU1peV9tSDM2dEtTaVNMZ1l4MHJHUERyY1VWOUNGSE90ZjJacWE3T1dsMFBxVnVtaEhYeVhrMmlYbnNOMnVlQXA2aDhIUC1nQll2Ni1qS185cVF4ekpjZFhJQzNxZ2VfVVJqZ3dITnllaDRxUUtWMFluSDlvUGFhRmVyMXEtZWhhbThDcS1WVGQ5WFBsSFBJYUYyUW5ldW5kZUh0M2N1MFZGalZ0YXZ6blBGM1FFSUI0bkdBdi10Z2FaQTZHSXNGS2I2UFM2ZDJYU3U5aER5cjkzZHlZeA?oc=5,fashion,hindustan times,0.0,bubbling
2026-07-17T07:00:00+00:00,Sustainable-Fashion Experts Find Hope in Clean Innovation - California Apparel News,https://news.google.com/rss/articles/CBMipgFBVV95cUxNUEFyZ2lQMDV2dWJnaUlMZlB6U0V5NzZwYmcxVlJVNnhJQ2llSmNlWEZFSm9Rd2Yta3ZFZGtKVk5NUE1QUWhlaGpHZVZ3Sl9Lc2hTR2lsdmpreEZYZS1WOHVXbGlzREsteEFuQng3MW5obUVCSmh2c2E1a0t3ZDBqSUlXd2phVkdOYkZOdjM3RlA2dUozVWptZ3FkOGZWOXUxYklIVUhB?oc=5,fashion,sustainable-fashion experts,0.0,bubbling
2026-07-17T07:00:00+00:00,"Lauren Sanchez, Jeff Bezos Donate Rs 327 Crore To Fashion Innovation - NDTV",https://news.google.com/rss/articles/CBMiqwFBVV95cUxNQ2JMcGhrZ2tvT0g4ZGxXa0VFVU93WEZ1MjFxQ2ExWVZjRzAwb3pLODRMZjVVTkZnWHE0V2loYW9BbDdxZVBBRDhTdUIydkVmc0FOZ3RiemRsakZEWnljX1JmaGJ0cE03Z1p5QUdUNVcyUzhTYTFmTmM2VVRva2xmWHZEMUlpWWR1dEtVOUo3bW1BbUJJVjZCM2QxYlg0WFNodGgzUFU5UWljTTDSAbMBQVVfeXFMT1k4TU1seFpXU25PNjJPT2c3QTVOblJIZlByNVAySkp5TmJhM1p3b2JYLV92aEk1QmxXU3dabmhaNFY5cnpqZ21GaUZLd1BVa3RMN2l5cmhGVDRDYkdsRFY4REhEWUhFdVZneWp0VG1kck1UOVFVNm1NUU1aLU05anRHWGwwbVpHUVltdWM0NnBNT1ljWFpEdFUxdkhXb0duNDMxcVMwR0ZsdFlrZ2dkVDBzQm8?oc=5,fashion,lauren sanchez,0.0,bubbling
2026-07-15T07:00:00+00:00,From farm waste to fashion innovation - 11Alive.com,https://news.google.com/rss/articles/CBMizgFBVV95cUxQSWVfTHlzVWVod2hpRzREMFFyN0w4UGhWRzROdzJFSHZ1aVhqMk1ZS3p3NWZJTFpEcnBybVVaY2xtLWpJRjZ5YWdfZmRDblI3N0Jydk1JWFBsNXd6WW1xUF8xb0xQY3R2TEh6dThISnpGQ0lld2dOZWtpQWVhMUJhN0pqc2QtV2NDQVZfYlFXRVRzNVZlc0V5QnZBN2lpeEFnV0JGQ3pMU0VxWVhYTEJyWDBfQ0xzMGRxNnlZaURRb1dISjA4Qm8waEhBWm1kQQ?oc=5,fashion,farm waste,0.0,bubbling
2026-07-14T07:00:00+00:00,Wellness Tourism Trends: What's Shaping Travel and Wellness in 2026 - Hospitality Net,https://news.google.com/rss/articles/CBMitAFBVV95cUxQNkt3MWdqSDZINDhrZ2dBUmFPcjBtYUVDMEFIZXZlblVQcDdGVWctQV9QMUtEYnFkU01SXzRYWmM2clQ5YXllaWwzcXg4QklpVkh1YlZHNlVvVjRQUW9sc3I1REpTRkgtUy1EeDZMZlRRREJITGI1cUl6TlJyZXdESlIzZU81NDNjX0tKQjVkOEk1NGtWZ0p4RlA3UEZVRUV2RHJhdFlPNFNSTENkX05pZGpnVUI?oc=5,wellness,wellness tourism,0.0,bubbling
2026-07-13T07:00:00+00:00,"Inside Asia’s biohacking landscape: the science, trends and scientists to know - Tatler Asia",https://news.google.com/rss/articles/CBMikAFBVV95cUxQSGR1amRMR1RPcEVaYkp5Y1lMNzk0UzhXUEZBNUpJTXBxdWVDMXRSMEEtOHA3N0tVQllGNWZhXzJJX2RQN0t6dFEwcTBYTE95a3NBRzhoQzlXTWdWaEtZVGdTS1NpN1FnNjBXZnlYTTBfbkVGaXNPT1dFd1NKSGFxemdVYkNWc08wS05pTHA4aWg?oc=5,wellness,inside asia,0.0,bubbling
2026-07-09T07:58:58+00:00,"Unique by Design Project champions disability inclusion through fashion, innovation, and creativity - Asaase Radio",https://news.google.com/rss/articles/CBMivwFBVV95cUxQV3hsR2hnNEJqcUJpeDR2ME5Ea2dyMVp0QTBKelY5bWUxUjljV0NKWUhhdzVyV2NNVkpBNElkZ29sbmpJaDI1TXM1T2lsaTE0a1pIX1hHdmZ6aThwQldnSW1qRVdRSkdDSW5UTjZzZTFBVEZiY0oteTk0LS1jVkFlUzVJMUN4VEFDaC1uRHk2eWlXd2ZQT05MeUFCbmpFN3RHYWtfVW5vZGdNQi00QUJKZFN5dXRRWFhkT1hzNXRrRQ?oc=5,fashion,unique design,0.0,bubbling
2026-07-09T07:00:00+00:00,Paris Couture Week Proved Innovation Is Fashion’s Greatest Luxury - Elite Traveler,https://news.google.com/rss/articles/CBMie0FVX3lxTE83RFM4VmVDNGlFTTBLR01VcE1jdi1nbWZVMVIyQ1BzMjBpU0p3WlZ3UGJGMzN3bUpLbUFCbTdITTZQTG93T1hHOElOWW9ZRGxhMzJwSmxFbXVnWTNEUGFrZm9MUXBkLS1XZmxFeGoyREFaYl9DTzFBM2ZqWQ?oc=5,fashion,paris couture,0.0,bubbling
2026-07-07T07:00:00+00:00,Louis Vuitton Men’s Spring Summer 2027 Show by Pharrell Williams Brings Surf Culture to Paris Fashion Week - Haute Living,https://news.google.com/rss/articles/CBMi3gFBVV95cUxOLS1sRDlZNzlMQktQU3oxeUgwV3R0bGZ3bVFoM3lYTXBBQ05iZHhIMmpxbUZBa0RHanF3OFJ3a1JscWYtQzFEOVEwdm5iNF82UFdaY09oN0stMEppZ0RadGx2VXc2NWtfVkdFRWdmazB3a2FOTmtSTTcwZWZsUVRPdF8zTjV3NHJUVlNVRWhQNjJPN0M1RERDRDItUjhubGVZMUt5U0lGY3hUSS1fdHJWOWdyc3lEelZJeHF2MVpkWmhhRjdHUGpNTkVyTGZHaEZEaEN1OUJJRFJ2dGRQWnc?oc=5,fashion,louis vuitton,0.0,bubbling
2026-07-06T07:00:00+00:00,"Inside On’s innovation engine and apparel ambitions, as its founders return to lead the next phase - glossy.co",https://news.google.com/rss/articles/CBMidEFVX3lxTE95cHl6SUZXMFlKZ1p1cGZMbU1aOTc3ekJIRDRjQk9KWm9MUFZfanNZaElZak04cVkycmo2VDFEekhjblFxeTliRTI5UElEV3psT1h0cWQ2TGhzbGpRNHp4R0FYQkMwc2QyMDF3OFBZTUkwQ2NR?oc=5,fashion,inside innovation,0.0,bubbling
2026-06-30T07:00:00+00:00,"Meet Vogue ‘It’ girl Chioma Nnadi, blending culture with digital innovation in fashion - news24.com",https://news.google.com/rss/articles/CBMi3gFBVV95cUxQbUZ0YkNQR0E5TjdsWFhnQmU5NzE0QmJUZ0RoUzVfaTB6R2tTLUQ3LW5GcVp6X2RYVHJSd2lrc2paR0JDRmh5SGJMa2tvUGY1dC1SeDlFOEpSWXU1cTE1ZldHUjdyWW1sNlhyeVdhWl8tLUtwV3ZPQk9LZG9wUm9WZFVSakpsZ3hqNWtJRnkxcEc4c3V3Z1BVcl9CdE01c0dHdXdBS0xVbzlOaFZuVWwwRXRKR19teUZEdDFFU1E0Q19qNjhnMk5qcXQ0TGZ4WGlGNnRXdVhReENFY1JBUVE?oc=5,fashion,meet vogue,0.0,bubbling
2026-06-29T07:00:00+00:00,We Asked Dermatologists If the Viral Sardine Skin Trend Is Actually the Secret to Glowing Skin - ELLE,https://news.google.com/rss/articles/CBMingFBVV95cUxPRkdPZlBpYnljY1hpcEs3aVZsbVpad2FjM2pRSnpFT25feTljOFhyR1huVW1QczcxQmdIWG5ydkJRU0xjZmlrS09kLVgwT0VoU1kwSUFpM3V5SWlhMGFmOGtTQXE4R3FlMXBDbnI0WTlCQ2lYbktWNjk0UEhPa2MtSENwVDZwSVRWY0RmeDM4TG00WUdlUDFHbUFFMUl3dw?oc=5,beauty,asked dermatologists,0.0,bubbling
2026-06-28T07:00:00+00:00,Could 'humanmaxxing' actually help you live longer? Here's what experts say - Fox News,https://news.google.com/rss/articles/CBMimAFBVV95cUxOeHZXUzFkcFoxaFQ0TS0yTnBBbDliSWNNX2xvcExHNFpOeExZLVRKcXZYQ3hVMVBIaEVvR0FCVEZCdk9RVy1RRXJZZmZGNE1Rc2JLNEhScWpTVC1saDFUc0Vab3I3NE1KZlRTOThzVklaYk5vdXduWmZ4YUVjM3lXZEROZ2w2UXdxeHl3NWhNSHB3NEhTMFU3a9IBngFBVV95cUxNOHg5Q2JIaUxkU0l4M0pyTng2WE44dFB2aU9iRTN2SEVCY1JKMVdBSWlXbWV2aWg2UHpYMWs5U3FoRDJMQ1hpVVdPQUxiVk14cm9hLU9SUFVoVEw4c29pS2lxeXBGUndlcUtqR3JtMkswVFRHd0ZTUFFrSFVEQmNETlowWUhfTkIwSTJvV0U1YTM0dVNOcTNibWp4WUhlQQ?oc=5,wellness,could humanmaxxing,0.0,bubbling
2026-06-26T07:00:00+00:00,Sewang Textile Weaves Korean Innovation into Global Fashion Supply Chains - The Worldfolio,https://news.google.com/rss/articles/CBMivAFBVV95cUxQZE1YUjR5em1HbkJsOG5LNHFRRkdXTHRId0ZBQm5wSS1mbjR3WnN1Nk5pX0ltRkxOVjl4OUM2Y2xNZmRCZHdLTExxWGFPcnR3M2NXTnFWVmwzQ25kRDBSQzNCMHR6STd2RFVpQ2dtdjFoVlBpakxXcUc2U2NpNlFPU3U0Wm54UmpRMm1fQXlPamxhQ2p5M0xVbXVGQ25xVDBEb0E0VjE5cno5ZFJEYVIyMVZEQ00zZFhSRjV2ag?oc=5,fashion,sewang textile,0.0,bubbling
2026-06-26T07:00:00+00:00,'A Korean skincare expert just told me which K-beauty trend is completely overhyped.' - mamamia.com.au,https://news.google.com/rss/articles/CBMiZ0FVX3lxTE81Zy01RlVCdE51SS1SZ2JjSE1aSHBMdEdPRGxYSHlHZ2p3RDFKQ3YyZE9vQkZuWXVSeGVsS2JTdFZlWG84S0hEdG45M0dsc0VaODFEb2Z6T0M5RG95a2tfNGZpVFZnZXc?oc=5,beauty,korean skincare,0.0,bubbling
2026-06-25T07:00:00+00:00,Innovation design engineering alumni to launch new Imperial-branded clothing line - Imperial College London,https://news.google.com/rss/articles/CBMixwFBVV95cUxOU0tIU0pTOXlWR1hYVk9PZzJEemt5cDJPbVBxbUlCNnE5M2w3OHFHQ1RiYURLWjZjZElMNzBwcm96UXZCbFplQ0xQSmJBaUVEb1lzbFJ2QnV3azZxY0pRcFUzMUZYUzFuMlRpNzBBOU1wT2J6REl3elJTV2lJOWpiMVZBN3pQbEQ2RmpLMDk2ZnJwZ1dMQ0VLcVYtQkl1a195SDEyOG1yVkZjY04tZktVVWlmVm1ualpiM0VmTzBHOUViMnNrLWV3?oc=5,fashion,innovation design,0.0,bubbling
2026-06-21T13:56:11+00:00,Circular Fashion Innovation Network: Making circular fashion and textiles a reality - ukft.org,https://news.google.com/rss/articles/CBMib0FVX3lxTE56MGN6WGJsbUtwR3JGZmp2VU9SUzVZWDc4OTMtS0hmZjJPd1YtOEtQS0dfUFZxRlJIbjJpMmhicHF1ZWlXUzFjQnkycy1pRjZ2bExKSFpFckdxWW5BTHM2dkx3bDZuMDhyckVPVE5naw?oc=5,fashion,circular fashion,0.0,bubbling
2026-06-20T07:00:00+00:00,"Fashioning the future: Nicola Willis calls for skills, innovation and scale - thepost.co.nz",https://news.google.com/rss/articles/CBMirwFBVV95cUxOckdaUVdRU1lTdm54eXVRMi1xbFVRZFhxT3JEc1dJYTFiX09IZnNmeU1hWHJTN2NocGt6NkdrOVJDaU5naVNKZVRnV1R3TnpydzJuaTA4aFZ5M2xNYWVLNnBONER5Z0pGaGVXY0F1X0p5Q1FUSVhoQWV1NnpidEVGNDZNQS1QVDV4UWZWY1pSeGxkdUdhR1M5UXdtbnQwaTFfVzdrVDF6dVlJUlVCeWxr?oc=5,fashion,fashioning future,0.0,bubbling
2026-06-20T07:00:00+00:00,"Designing the Future: Creativity, Innovation, and Excellence at LPU’s School of Design (Fashion Design & Technology) - lpu.in",https://news.google.com/rss/articles/CBMizgFBVV95cUxPU3hoWEVtMm1GY0N3WmRydERXR0dmOXJ6aWRaU3QxNV9ORTNnQXpmV2cyMjNjaC00YUstMVh4VVEtZXFkUWVLbW5uTzZ0TmVsTy10R09pakVvRmpDY1k3WGlVczBJU2xTdW9PWWFkM1RrMUJTVFo4TE1aWm52Y0JZRFBkNWp5YjA4cTRWYUxxcFk3cDZmVF94RllfMUtHb1huWmw2OU05UVR0aEVvLTNfZHJ6SHAzWjNiU2lOcmVINXltOWVZVVhCNkgtbWNUUQ?oc=5,fashion,designing future,0.0,bubbling
2026-06-18T07:00:00+00:00,These K-Beauty Trends Are About to Be Everywhere—We Asked Korean Skin Experts Which Ones Are Actually Worth It - realsimple.com,https://news.google.com/rss/articles/CBMijAFBVV95cUxOc0dIOUxOUjV2Um8yamZUTWV0ZUEzX1NfWHpyTlJGUmhMZGdQc1Y2RlQ3eTMzWENxUEdGU0NCZWR5dTQ0bzhuX1lNb1prZUxDcU81azZzMlNpRW1LNnU4QXZTcXllY3VjNXQtR0JoSzY1bmlvVFFINTdRNl90eTRVRm5FUDBrbU15Q1l4Rg?oc=5,beauty,these k-beauty,0.0,bubbling
2026-06-18T07:00:00+00:00,Jesse Eisenberg on the ‘insane’ wellness trends he thinks are just ‘narcissism masquerading as health’ - New York Post,https://news.google.com/rss/articles/CBMirAFBVV95cUxNWURsQmp2YzRROXNrSGl1Wlg0MGJTd0xjMWxETmVDVHNQWDQ3STdycGFYOGRGb0x4Q3BBeXVmYnJqTXZXUE9jQWRLYVV4bldMVUFOeC1zWk43UkctUlFGeXVfQ3RwU18wdkUwNkFlN1hteGM2MEV1dmg0TnFaLV9pUTZ2ZXM2VC1iWXRhUTRCZkduLUZPQkZpQTdMNEthbzVVT3pZRDVXYjdTT2Q2?oc=5,wellness,jesse eisenberg,0.0,bubbling
2026-06-17T07:00:00+00:00,"Fairly Made, Synthesia and Bluefish Win LVMH Innovation Awards - The Business of Fashion",https://news.google.com/rss/articles/CBMirAFBVV95cUxPV0pXWVloazFhd0VZcExaSTlxZWg3a29pUFhsLXVDS252WlA3MDQzTHg2amxjc1daTXZTWEhzMkVoR0N0QnNTZFIzNnlCVEgxLVNNbm1ubGx4RUNDaXlvOUhOUW5xQjVVWGtDOHd3WDMweVZpcC1zVFhnaUpVZGVObzhqNTNKcDcxZ2x2cXIxblRSbWVBalpNNWZPcTQ1Z0NwQm9XdVNWSXVnN2dS?oc=5,fashion,fairly synthesia,0.0,bubbling
2026-06-16T07:00:00+00:00,Cult Beauty Reveals Summer Beauty Trends - Beauty Packaging,https://news.google.com/rss/articles/CBMikAFBVV95cUxQd2U0N3NRWG1aWjZTV3dQMXEwLWZQNF9FZFk3QVAwQU85a0FhaGE4UjdfTGlVcVpRSGhrRHlsRTNEX2RMYVBPWEZSUFVxZFhNWjdUUzZ5STZaek8zMDNibnVXUmtCVXdFbDlGQl9RRFZLV2d1Q1dNXzFwbll3dDBOb294c1U5cFVhckE2cC1Wd2M?oc=5,beauty,cult beauty,0.0,bubbling
2026-06-15T07:00:00+00:00,Miss Sixty Teams With Central Saint Martins for Denim Innovation - WWD,https://news.google.com/rss/articles/CBMingFBVV95cUxPYlc4eTRMdHQ1UUF6LW5LWGQ2TElXX1BQU0UzbDdfTEk4bVZ0TGhUemRqdDAwM1ptdzlsWW9PSlJmNlQ3OFdjd2lEUmJtSl9GM0NVQWtpWmduNXBlczc3aE0wVjljdDdISXk3SzJPb2NVcElnMFoyTnNxRnZUcUptUnN3ejg2VXFBdWNYbUZBQlV3MGloSTZzV1pTVE5WQQ?oc=5,fashion,miss sixty,0.0,bubbling
2026-06-14T07:00:00+00:00,Here’s What Derms Want You to Know About PDRN Skincare - Prevention,https://news.google.com/rss/articles/CBMiggFBVV95cUxPdzR1M0VmVnZVTWtQczRicWNMam8wdUxjN1U3ZmEta09EQXhvUHFYMi1vTTI0WmcwWmxfVHVfTl9XaGRfOWhVaXd6SG80dEluaTBPeXBaMHRfdkF0TWxBTVdQZmU4T3d1aTJPMk84SjRHbG9sVGxGT2VZak5mc1A0UUlR?oc=5,beauty,here what,0.0,bubbling
2026-06-11T07:00:00+00:00,New Fashion Innovation Partnership Unveiled By PDS And FFA - Forbes,https://news.google.com/rss/articles/CBMiygFBVV95cUxNR2I5eHJFYWZBZTNDWlA3LXB0MmdzQTZlWVJCMmszR01HVzlVRWthX19qamRCLTBPU1MwYnNrcnB3cnZBV1lidmNwek8zS0kzU1NrMU93MDBRTC15WDVaUTdaSnRVMllDeWx6MndOakJZZUdXZnJleFBHeko2S2d5MXRNSU94ZXpVeEE1MHhxLVdHSlhudmVkZWxKZUt4VmVXdFF3ZVhtbHBHdmlxR1NOMjZaWEdBMGpndFFsUnIyMVhkcnk5cHdVb0lR?oc=5,fashion,fashion innovation,0.0,bubbling
2026-06-11T07:00:00+00:00,Meet the ANDAM Innovation Prize Winner & Finalists at PV Paris - Première Vision,https://news.google.com/rss/articles/CBMi1wFBVV95cUxQVlJwZXBRaWxLUHJjaWdSR3RDZUJMN1RrSlh0azU4R2lzeVA2NlFuRUZaVWNWSC1CX09YOEM1WWdIbFJxbzZ1WEZRc0JEcUI1OTIyS3JVbnI3WGMwc0Vad0V3dTJtbEs2N1k1WmxTMFJ3MWNCQjNhbkdQZ2IzVElhd3I1M3ZsVTVxUWJTQlV5d3Uwd0JYaHNyVGt3Q2duS1BMdUhnM1pyX25EVVZ0QkxKRXBULXBFN0s2Y1FuWjVEa2lWcG43TnZOZ19NYnN2dkRQUlFELUFvdw?oc=5,fashion,meet andam,0.0,bubbling
2026-06-11T07:00:00+00:00,"Inheritor in SW China's Yunnan breathes new life into Yi embroidery through fashion, innovation - People's Daily Online",https://news.google.com/rss/articles/CBMiZEFVX3lxTE9PUmt4RHg3NEtwWDkwejFXSFdwc3M0WlU4T0N1TlZ0MnBnUWZDa1NxeTR6VzcyUUNoQ2dXaTVfaWotM29YRE1aYWxabzR6WWEzaWJkVW5MbkNQd3VXWGtiQjFjQXc?oc=5,fashion,inheritor china's,0.0,bubbling
2026-06-10T07:00:00+00:00,People are Finally Paying Attention to J-Beauty—Here’s Everything You Need to Know - The Everygirl,https://news.google.com/rss/articles/CBMiU0FVX3lxTE15TUVrWGJQZ044R3pRVUt4VVdWWktvemNVdldiU0d4RjhRSGxiUFBGR1NXY1Z2NUtxYkcyUXJVQmFRQm9rQTBxSVc5NzgwQjZsR2pj?oc=5,beauty,people are,0.0,bubbling
2026-06-08T07:00:00+00:00,Meet the Global Change Award 2026 winners tackling fashion’s emissions challenges - H&M Group,https://news.google.com/rss/articles/CBMingFBVV95cUxQbW8tc0o3M0w4ZkdfeTBOYUR2S3hxLXI0dzNUaWFzb2pWOGdUTVlqTnhhcElyYV8tQlF3cXdTY1NjdC1OVjhWZjdXNjRrYjlpUlYzbHlKLXFIWDZJWG5XTmtDVktCZWtSMDhSZk5aRlFEN2FQVGxtVFJhUjNmUFo2Z0ozd1NuckFVNlZSdzBzamlWYXRSdE5ZenZCQXVGQQ?oc=5,fashion,meet global,0.0,bubbling
2026-06-06T07:00:00+00:00,"Talent building, culture, innovation takes preeminent at Epic Fashion Week 2026 - guardian.ng",https://news.google.com/rss/articles/CBMi1gFBVV95cUxQbjZwZFJ5S3I5UUV0aHBWR0R3cExnTzB3S010RzkyX1pzaVY5eENzWkpsT3c1WmxKRGJORVdxanYwaFFGUlNzR2tOOFNiMGhGZmxlbEpLcTBSakRCMlZ5aERZeXl5bVJDWFRCTVN2cFBvbDE5RDl0ZHlLNnJuTzdpdFlsbmh3RHdRLXNpajVsX21ZM21pbExoLW00NkhhUjE5ekJGXy1IQ2NiRkg3NGVyVGNLUFlFV1VUTTM4Q0Z2RE5hM0tqdFVGSTQyVmRuUnUtY0k0NE1B?oc=5,fashion,talent building,0.0,bubbling
2026-06-05T07:00:00+00:00,Heritage craftsmanship and future innovation in fashion | Hindustan Times - Hindustan Times,https://news.google.com/rss/articles/CBMizgFBVV95cUxNT2xXSjRhWWJ4a05LSUJjVVdLWmVQMWkzYWJubjVOZ3JYaE45WDNIUzJkdnpIZExhQlFCd3FkMFJHVG03OEdSaXVUN1ktUmpzREF6bDVOYVNZdXpROFhPMHk1bmFRMk9MalJJWnhwa205VTUyOWRGTGMwV0ZLOWQyMUpoZ2M2VTJKai1UN09ZU0JfREkzNVpjcXFGNXFpMkIybWhTMW9KVDdmdmxrZzRBc2FGaktVVkhMdzk3c21vbVhhMER1STRyenNqblp1QdIB0wFBVV95cUxQSzdxMUxNUVA5OHJjelFwX2QydmJYUnBub3EzdnB4cnJrV0tyNXB4VHdJcVE4XzZCWGt1T3RSdGhwM0tVNDNFb0hRSEJkLUEtbUNDRk5NY3RoOEUtaEx4eEwxOUVlWkFFQTIzazdXUnFpTVM1SHJiblpHek10NWR2QmpsYjFIMFNUY3ZCcnpGS0ZMNXZGdHRMdUliTXh4VHFEcExDekQwaTRoajc1Qk1QLXdFS1pLcllPNmtpN2EwcGR6UTZVQ0UzaGNjZFFYM2d2R2Vn?oc=5,fashion,hindustan times,0.0,bubbling
2026-06-04T07:00:00+00:00,LVMH selects 2026 Innovation Awards finalists - FashionNetwork - The World's Fashion Business News,https://news.google.com/rss/articles/CBMimAFBVV95cUxQSi1Wc3MwZXNhZlpFeHNrYU5tYy1Td3NiNkQxOEQ1eTJ1QmFGaVRZNG9TbXJzWjc4R2hRb0owN3Y0MnFuSjAtNWJUSEtQcEJ6YkJCd3FiWVpES0JJaDBWVXBINTFCcEZxTlZZTjhlVXoyMVg5anY0QVZXV0FPRWs3RDlTaW95VTVYT3c3ZnM2Q2NUaGhXR3FZXw?oc=5,fashion,lvmh selects,0.0,bubbling
2026-06-03T07:00:00+00:00,Innovation Days 2026: the sixth edition arrives in Paris - FashionNetwork USA,https://news.google.com/rss/articles/CBMipgFBVV95cUxPTExwZExiVTFycWdUdnBna25ZSW91bk5uWTVDOE1oWHU1aE1QWS1mbHptd3hmN0FMdy0tZFdCcWJlSWVENDlqYTVaYUlZMkRyam14YmNaYldSNnFnRzVpaHJzdVA4em53UnR2MTdGTnc5NUI4SjZuWUtvcTRqd2dNSFFKOXQtMUhUUURuOFJCd1k0a2hqMXgxQjZGMHRoTWtZME5IY3lB?oc=5,fashion,innovation days,0.0,bubbling
2026-06-03T07:00:00+00:00,Innovation Days 2026: the sixth edition arrives in Paris - FashionNetwork France,https://news.google.com/rss/articles/CBMipgFBVV95cUxObTByVkV2RHltcDVpdFBWcy04b0R4U2NhU25HYmRKNTEzcDJwYnlyR24tV3hZSlVMaG9ZWHB2Q1VCOHh0eVdLWGYxb3BaS1pMT3RkYThGcUUxTnB6WDVXNzRtTVpxYUxiNW56N0RtT0E3ZUhlZkt1MXNzYURYSmZIOG1faVd0VURxNWVqRGpReFFXVm8wTjFyVllhWEo1UC1EQWZmVTdR?oc=5,fashion,innovation days,0.0,bubbling
2026-06-03T07:00:00+00:00,"Dermocosmetics, TikTok & Longevity Are Reshaping Europe’s Beauty Market - Happi | Household And Personal Products Industry",https://news.google.com/rss/articles/CBMilAFBVV95cUxPZXgxRkZadjJsT3lMWFhEZ0ZOb1VlNC12UFVlRnJwNUFHMVpGYnRvUzlkSmxQenpWT2JEYjJFdlliWUhDYnVYQXNQVTdzN21HSHQtOVNkRnhDaW9DYldiaGlwOXYtMldPeU9QU0xWT0VKMUxKb2VRUmsxZWZKSXY5QkFKTjFac2hsdGVRcGM4ZFlsWWot?oc=5,beauty,dermocosmetics tiktok,0.0,bubbling
2026-06-02T07:00:00+00:00,When Did Skincare Get So Fishy? - hypebae.com,https://news.google.com/rss/articles/CBMiogFBVV95cUxPOEJNSmhQanZBWGVja1pORGhYSUxwOUlIWmpLN0xLZndrYXFaTnNoZThPZjIzVE9pRWhyUXJ3MjM5VmVIUGMyLTZMT1JrNmRSMXF0R29JQUlTTXBvLW56U0ZyeWtISTV5ajZQSlFHelBsTkJqVDdYMGZySFcxYXU4MEtISUwxbUxTUVU3dHlnVm04dTYtQ2dPUHBGcFBSZjMtWlE?oc=5,beauty,when did,0.0,bubbling
2026-06-02T07:00:00+00:00,Daniel Martin on the Top Beauty Trends of Summer 2026 - ELLE Canada Magazine,https://news.google.com/rss/articles/CBMiigFBVV95cUxPVVdMNmJJZVMxM01kTm1naE1IM1ZPb1VyWU9Ra2JSakdYVWJXY3htNTNaT3NSUlZZaWxKWGVpS0taekxfLUtOWndxZENNbjRPaUxlTjhmWUVSdGMzcFktZVJiM2hKLVkzQmJkVHQ0QmFwV01YSVg4bzhOYlJXVXJEbzlTUll6SG1sZWc?oc=5,beauty,daniel martin,0.0,bubbling
2026-05-29T07:00:00+00:00,"From Everest waste to smart fashion, young designers put innovation on display - The Times of India",https://news.google.com/rss/articles/CBMi5AFBVV95cUxOVTdiX0h6cVZ2Q05zRjJzUWlHeU5UZnBYbFU5NlRIYS1sM3pGRmNIR0VoTzZNTWpOVW03V1BzeC10Ymc1eDVxNEpsYlVqcTlKRGZEaDc2WmNzNUJpaloxc0lYcHdhaGg5NjM2VGNuOVVaMzFRM3RnM3JWQ2k2WmF4al93THRXSXBBRjlNUzBFUGVzSFE3Tkg3TXBCT1MxNHdCeU1Tb3VFNFFjRll4ZGJjLTNQaXZGN0l6RldlY2Jydkt4bU16Q3IzQ3J2SWZHZnFZMldiMERkZngxYWM2UWV4a2p0bkzSAeoBQVVfeXFMUFVkeTVvSHdTblV6SlFVU1JXYk9BcS1uNE9pcnBqbHZpMl9faG9sMlg3VER3b3R5eUMzRVpSel9fejJQSkF4QzBNdUhjMVBaMDRMbW40MWdBenhyanJfY29LRUNxN0tfX2s3cjk0S1gyYjVhNTg1TThfbzMyWU14eU5UbXhqMjFkb2ozRHF6SUZ6T1h6NEU2Q2NyNG8zLXAyYzRXakE3WXZRbjA2d2RySGxPbEIzdW91bllURDBRM2ctNHNZR0IybzBDcDdFMnV3emk4VWFLUmNkZDdSUmVHTDEwbEQyWDlaeXp3?oc=5,fashion,everest waste,0.0,bubbling
2026-05-29T07:00:00+00:00,The biggest beauty trends shaping what shoppers buy in 2026 - Boston 25 News,https://news.google.com/rss/articles/CBMiiwFBVV95cUxQSmQtbnRfLTZ6NmJUVjlfMnhfclk3ZDdweXBnQURmV0U0Q2kxWi1pMDhIU3B3NnZjMk1fTVhJYVM0a2ZkSVFEMkNPYjYwbmI3a1FWblNOdDd4cC1yd2VzM0EwLTltU1Q1M1JkX0RENFczanpXT2JCWDBjbFYzUGRaZ3hEYlNtV3FBTzBz0gGfAUFVX3lxTE9LN1B1a3ZHc0RmQkNhQ3E2b25SSkVsVGE3TE0tcnZ0d1ZtS3A4OF84OWlvd0tCcmswWGRYMnl2LWNYTkFzaEZUNWhSYjN6Uy1fbHZsZHFPZC1BZFFuaDJPUXhLQnhUMnBKUXJyZnVSRzFiOGhJTWRoZlZSRExHUjZTd1hkQTUwLTZlM0F5WEl6cHV6WDNVeVpRTGZtLTZmMA?oc=5,beauty,biggest beauty,0.0,bubbling
2026-05-28T07:00:00+00:00,Apply Now: CFDA | Genesis House AAPI Design + Innovation Grant - cfda.com,https://news.google.com/rss/articles/CBMiigFBVV95cUxNNEc3QUJPUnVfTDVFR1FwLWVNODY3eTRZZ1E0RzJZM19GTFBPNGF2a2FsOThjVkVqeF9TeXB1VGlkR0NjQ3k1QjV0QjBlOWk5LTkwVzktWFU2eE5HejdKTThhWDdXSmktcHJnUUM5c0lmaGM5UEpIQllxcHZXUzlpUmxoYWVEVnBuUUE?oc=5,fashion,apply now,0.0,bubbling
2026-05-28T07:00:00+00:00,"Beauty trends 2026: Consumers demand ‘skinimalism,’ holistic wellness - Drug Store News",https://news.google.com/rss/articles/CBMilgFBVV95cUxPRUdBQ2ktR3dQb0VqWEtHVUlVbWJqZk1fUExVZjBtRTktWW5tRkYyaDdFQ09GU2txeFc4eExBck12Z0VDUzFYQTZPbTVqMXRDS29vRjhzY3JBZklDWXhFMWxiYnROcFNiS0xHSzJGY052bHFJcXFIZWFnOExzSUprZW1oRWpRRmJTdlNlLVZCUzhUV1BFX1E?oc=5,beauty,beauty consumers,0.0,bubbling
2026-05-27T07:00:00+00:00,I Spent 6 Weeks in Korea–These Are the K-Beauty Products Everyone's Buzzing About - Good Housekeeping,https://news.google.com/rss/articles/CBMihAFBVV95cUxNMXE2YUI3a2MteUdfbFdzb1o3Nkt6ck84NEpuTkk5bmZVR1IteE1hUk1GRk5zYnJsLXpHa2xkc3VteHBhUUJXMkRzNEtFVXJsVXRPaWRabUd6aGdNaU9yUkVocFZ4MTVJd3RaMzRWQkZJZGFkNnNvUk1RTGdmMlp1NDV1dmw?oc=5,beauty,spent weeks,0.0,bubbling
2026-05-26T07:00:00+00:00,Alphalyr Wins 2026 ANDAM Innovation Prize for AI in fashion supply chain - Fashion United,https://news.google.com/rss/articles/CBMiwgFBVV95cUxNLTFtc2pLcjVjM1h5Q1VWWnFoMkRpNlJjWnpFX3l2ci1BV1BxZm1yUWdTQ2xLUTc4Sy1kSTNvZjBNMGRUMkdTWmRxU25TdzFwLVFJZjB4dGpGNk5keHdMRXlTR2ZKcmpXV0RkczJnLUQ1a2IxcHhlWnNWdTkwMWtSMlUzRDBtWGxjOW1zSEVpY3lsNTFjVERMNkZpRXRseE1oNG5seXBQZVlfQ2JXWVFVcTJUWVlCTDJqRk5qVmlIMHdLUQ?oc=5,fashion,alphalyr wins,0.0,bubbling
2026-05-22T07:00:00+00:00,La Colección 6.0: Emerging Ecuadorian designers explore cultural identity and innovation - Fashion United,https://news.google.com/rss/articles/CBMi1gFBVV95cUxNMUdZTUJ4bzZFa1lYaXVzOXVRME42SW9KZkVHczhzajFoZ09ya1RaY1BMeWZHTWotR1pVVV9CUTc4R1BrazlyRXEyWjhJTTNXNEloOG5Yc210V2tiQU1Ec1Rrc3J5UnhyX1FHNFI0TDkyUmNBRVRpSy1BbDYxYWdaMy10cHBNeW1QSXkyY3BNQnhVeXd5Q1ZPSTVGajA0T3F2UHBONXRaMHdhMjc3ZEhxMGg5Y1ZtM1RNQlJ0Ti14elk1QXUtYXI0WDVvQy1WRC11MmNZTXpn?oc=5,fashion,colección emerging,0.0,bubbling
2026-05-21T13:37:47+00:00,Forget Anti-Aging — Longevity Beauty Is the New Skincare Revolution in 2026 - Spherical Insights,https://news.google.com/rss/articles/CBMiswFBVV95cUxOLW53cVNQb0JqT2lXZnh4aDZXWUxCeVAyejFiRjFQakVCMC1ORmZrd2hYRDFRZTZ5RjNJSDZGNV9LZ2JsLUE2MWcwSldHTzlJMWprTFNQRHBScVNWM09ael9YM0UwRDNzMU8wSkJKSmZ2VF90Unl2N2NZZkNvTHRGcUgtTVlOX2UyNkRabjZTN3pNc3ZhV0J1TU9FZmIxYnZ0bWl5YVl6MDltOW5ZdUk0aElnbw?oc=5,beauty,forget anti-aging,0.0,bubbling
2026-05-21T00:51:14+00:00,"Fashion Commission, MinervaHub Sign MoU to Advance Fashion Manufacturing, Innovation - وكالة الأنباء السعودية",https://news.google.com/rss/articles/CBMiREFVX3lxTE5ZTVVhWXd5dHNid2N3dXVBdVR3LVFXb0h1YjRGbzVGUGtEVW1xU01wTWJIVkZiREUxY3BlRDZTcFFZUW5r?oc=5,fashion,fashion commission,0.0,bubbling
2026-05-19T07:00:00+00:00,NIFT-Kangra’s Himalayan canvas inspires new era of fashion innovation in region - The Tribune,https://news.google.com/rss/articles/CBMivwFBVV95cUxQWkVOTm5jWXFWc1JKTW9haE5taVZYU1c0TXZTZloxdF9QT0tYdl9ySVk3bGJ3aVRJVUVsdk9XWEY5UzZEZUlaVjIwb1BhTV9jVDhBQlZFUUU0RmJzSzRxSmpyUjVwRjI0VEtHR3JhNzEySTBGZlEzdmVTVHdxcFZudzNVZ21UNmpkMEZFS1pjeGRkT1RuV21QV2pyendaLUx4bUxnQThoRDl5T0tNS3JtamE0SldSYWZIR0JEcnJYTdIBwwFBVV95cUxPM3BmVU1lWU1iLXB0VjljSldyaUw1T2VuX2RqZ0R1Y0RJRlJFQ2VSQ1JkdUhWYXcxT0JDSlBkRTJSNnRFdkpsblk4dmVkb2U5YjZPQmZFdy1Cak1QakV6d2IxaW5xQU9yUHpENmFRVnFJbXdFTXhxUjZNd3hUTXBZdGZ0NjZhb3ZEb2c3NzVlXzdtNkdSMFUyMFJFV0Rpa0ZyNEh6VkxuR1duTUo4WkFSanlGOFdEMVVTNnViYS1GZU5HRUk?oc=5,fashion,nift-kangra himalayan,0.0,bubbling
2026-05-18T07:00:00+00:00,Germany Flags Safety Risks in ‘Vitamin Drip’ Trend - medscape.com,https://news.google.com/rss/articles/CBMimwFBVV95cUxOekhlUWo4QWZyLTRiZjRBeGZIeWVTNkFYNG1YZGRmbWJvZjVuT3FhalFLUjJOeUl5LWdzX3pQdDJuTUQtblFzMXBLbkV0WFRfZnpPUllMTXpNc2NYdHRuSGpaVk9WOVN4YzgtazVWeEY1V3BuQ184NWZIcUNtNW9FcFpOWEk4MHNyeElValRIX3VyOENxU08yczluYw?oc=5,wellness,germany flags,0.0,bubbling
2026-05-15T12:37:31+00:00,"Video K-beauty trend reshaping views of masculinity - ABC News - Breaking News, Latest News and Videos",https://news.google.com/rss/articles/CBMiTEFVX3lxTE5DV2dtWkdWM2YtYmdRdmVIMG1tem1COFNYTDZEWFAxLTNwMXdvWGNqdlZaT3hrVjBTc2xMYjR0OGNiQkxWLWxrNEFnenc?oc=5,beauty,video k-beauty,0.0,bubbling
2026-05-14T07:00:00+00:00,Hyosung highlights world-first Bio Spandex innovation at Global Fashion Summit - FashionNetwork USA,https://news.google.com/rss/articles/CBMixAFBVV95cUxNcGhZYlRqVGNhVkxOUXZCVTJQNUplTXhfZldaTWc3R2JCcHU2SzNrNlh0ZzR4ZHNDSmlDZVA1V2Q5R21nb2dtdDMtRjMxamh0cy1hMDg4SjFqb21rS0JuSUtUQVJhV1NWRlM1ZktCMlFQb2V1Wkx4b2M0c2wxemZEUVJhZmJYZHNpem5zM0FlMnk1UXdKYXM4NzZMTTItM1pNQ052NjJKQ05jQlVLVGVFd3Y2R1NhSzNjaU9IVnJLazMzWXBo?oc=5,fashion,hyosung highlights,0.0,bubbling
2026-05-14T07:00:00+00:00,Hyosung highlights world-first Bio Spandex innovation at Global Fashion Summit - FashionNetwork - The World's Fashion Business News,https://news.google.com/rss/articles/CBMixAFBVV95cUxPdVhaTFFzMHJCSzdKemhOc0xEYlh2TmNUUFBtNU1CUG1PTlNzdEp4Nk92RTJfT2hkOXlzd3hCOHMzSjBuWmhRLVBIYk1EMGhTX09NWV9ESXR5TExHYkhyaG1aYUlzR0NuMExhUlFWM0VWYXpBaFVzNktMamdYTDFZQzV0Ym5zTVE2WFp0YU1Nbllac24zclB3UW1tNlhzZFZCdlpIdEJNczJ3S0xyX29CS0NHblV0MkMxQ3RkN2l5WXpldGRF?oc=5,fashion,hyosung highlights,0.0,bubbling
2026-05-14T07:00:00+00:00,TikTok says drinking your skincare is the hottest beauty trend to know now - so we tried it - Grazia Daily UK,https://news.google.com/rss/articles/CBMifEFVX3lxTE9RaHZWZVYySkhLMXpoVlR6aXI3SG94UmYxUkgzZmxZbXliX2NCczZnSzFHYWZvUlFwTlFmN29raVZwcUNnVDczVHF2aHJRSTI4dWhJRWFBNDA0N1ZvWWVWeDZma19tRlc2MkdMZ2tqaV80RHQwemUwQ1p0SXA?oc=5,beauty,tiktok says,0.0,bubbling
2026-05-13T07:00:00+00:00,ACBC Unveils Innovation Hub as It Pivots Business - WWD,https://news.google.com/rss/articles/CBMiuAFBVV95cUxOUFZwdlVaTGhlc3g4eGJCa1poeEpRbHN2aDJHME1mVEZ0eFNsdlpueU1qTEJCUW1hQ0FJZzhHdmhySXVWNXpjTmFZaVZuOUVseFBDWE1ueXN0YkQ5Rk9YV3pRZm5ocnl1NkRxbDU2N3Z1bEtobTRza3EtWV9xdTl0UWs1YlFna0tPZi12dDRtOHV3OFlqQnEwczBIS3JUNUh5cXk5ZEUwdFBZbTR4UmpUYTZzWk05SUJY?oc=5,fashion,acbc unveils,0.0,bubbling
2026-05-13T07:00:00+00:00,CFDA & OpenAI Name Innovation Hub AI Developer Finalists and Designer Cohort - cfda.com,https://news.google.com/rss/articles/CBMixwFBVV95cUxOcERScGVubHZzMjFMMnk1NE5fX0dOZUdFaWQ2SDljUXZJR09Oa2lILTVscHhLWVpzVW9XYkY1N0M2VUNBUXBoelNKbnhDWm1LbkpFMERnRVZab3BGV2dnT0Z6LXBGMzg2T1JhZ2Mya3p0MWJpRmpXVWFxTjdxa3BnUFZ0a1FVTEY5djBram1HMVZ4ckREa2dWLVBwMEp2ZmRKZ3REUTB4Qk42N085YTJma0VjUGVQNUNhdFdRbXNyRmwzd2hJbnhF?oc=5,fashion,cfda openai,0.0,bubbling
2026-05-13T07:00:00+00:00,CFDA and OpenAI Launch “Innovation Hub” to Accelerate AI Innovation Across the Fashion Industry - Oui Speak Fashion (OSF),https://news.google.com/rss/articles/CBMivwFBVV95cUxNQm9OUDZpQ0lfLVpKVHlfREFtTHE3azBSQWNNbzR6SldKZTBoRjB0a1dOY1RuSUtVcDF4eFI1RTNDcC1fOFhBcjNZSUl2RlVCTlJMclBJTjh1Z1VFY0NySjBCLXV1aFBYNVc5TFRmc01POU9DRkZ1QmgzbkhzQ2hhUTlQVmVZeVllR3ZIYUVOZ2h5UU5qbktvUXVpVGJld1hxcTQxMm84SVdDcWUzN2lCQ3g5SVFrcTFacGw3Njdidw?oc=5,fashion,cfda openai,0.0,bubbling
2026-05-09T07:00:00+00:00,Sustainable Fashion Innovation in London 2026 - PhotoBook Magazine,https://news.google.com/rss/articles/CBMicEFVX3lxTFBzdmc0QkxxdlROSDQzNjFrN09NUWs2Sy16cUhCQ2NzTFlJWTgxR094bHhObzB4emdkZmd3ZXJud0hfWlI3NWZzV2RNbW52NWRCMXRGRmtNOTZIeTg0UzExbERkMzVaODhLUm1yS091bVI?oc=5,fashion,sustainable fashion,0.0,bubbling
2026-05-05T07:00:00+00:00,Solasta 2026: FDDI Graduates Showcase High-Fashion Innovation And Craftsmanship - Deccan Chronicle,https://news.google.com/rss/articles/CBMi3AFBVV95cUxQOHVONXBpRFEwX1dhd2xxSk9JOW42VU44WnljYVVSMndIaFJCNWYzX3lVV3lhTHlLSVMtSWJPNWJuT3NLaXRNVjd0TUlRMjFyQVRBUWZNT2w4YXB0TS1vSlBCdzRuUXNoeTBlQjVkcjY5b3EyM0pabEhFSXYzQnJMX2prQVlrMVFNeG9pd2J1MmhleHlxYnhBZEU0a0JYQzNxQ0hteUg2MkdYNVFhOVBGdGZTNnBBQThieUUzY1oxemQ0M2o3MmdzY3RJTzctd0RYUDJUSDNqQzI2czBL0gHiAUFVX3lxTE01M2N6TDYxcXo2NndiZ3BIQTdwR0FaMnpZS1FVd1JJUnNnMUFRVGJYOTQ1NG1MdUxwREVjUU1aa3dncjZzcWhzbkMzeVl4MjlkYnRoSFFHTnZ2bFJlYUF6SHhZRFRBN3hSdW1hNjFXN3ZSUUlsX1labXRvRUlabzhQZnkyNTVMc0NDZlF6ODFpMURSa21YYS12aWdkR2NFZjZqa3hOTDBSWmxpakdKSmlvMW1uczRUMHZnU1cyS2F3cS0zSFliVHByNkVlQTNibGk5blUwSEFCUnBCR0pMRVh3YXc?oc=5,fashion,solasta fddi,0.0,bubbling
2026-05-01T07:00:00+00:00,Evaluation of Perception Through Fashion and Food Adjacencies for the Cosmetics Industry - Cosmetics & Toiletries,https://news.google.com/rss/articles/CBMi-wFBVV95cUxQeU1XX0tmM09SdnppbGxvMlpOY05jcFN4VlR3RnY2SEJIV1BSSWlpd3A4UjlBazZLNlJGWWk1MWxxbzBDanB2YzBvYVJrXzJMQ0txMkxDTmlPRmhWZ0Y0eHhJZmo3WkJxRjFmOVE1YmpvQm5rSGw3bE44RC11YXFna2V0NjF4ODRzTmpJZWMzNnBtbG42WUh1cnM0TmRqdFB4aDZxQ25jZFVwOG56NXlsQ05OYm9LMUhTMENuVVF1c3lsTmtjenBqbGhleV93REJjZ1JUSnZfZTBhVlA2SHJBdWZHalBpNk5GUjRWYVU5MVpaVFNjY2xaQi1uUQ?oc=5,fashion,evaluation perception,0.0,bubbling
2026-05-01T07:00:00+00:00,Fashion District to showcase next-gen designers in partnership with SXSW London - fashionunited.uk,https://news.google.com/rss/articles/CBMiywFBVV95cUxNVWlIcTlSdG95WFRzbVRBTFFHSFJTdDQ0RWpXYXB2OXB5eXJwUFNKbEY5cDJ4SFVKOFJrd0hhSnd0c2dVZGV4WUlkRVNJb3ZzMHB5YW4wcUlENlFJTEptNy1aRzdocXBfRzNaSW1UbG9qYzZrM3hnUWZMX0t3QlFJMVhtUGNiVWxGbTZvRmlTTmRuVG50aGR2ZHcxRkpaaWsyNmcxc2ZtTkdodGFXRVQwZThzT2hYM1lsN3pNZ21QMTQ2YnNCOWozOXZDaw?oc=5,fashion,fashion district,0.0,bubbling
2026-05-01T07:00:00+00:00,Dryrobe raises sustainability bar with 'world-first outdoor fabric innovation' - theindustry.fashion,https://news.google.com/rss/articles/CBMirgFBVV95cUxNUTdJckstbU4xNlg2TS1lYmNOX2lIYTBXMERwc3BPazZkNUhSSWhQbFU2MVhNdTFyY1VpckJud1l0eHhtRWxTMnBDNnJ6SWl6akQ4YzZZb1g4QWFwQnJXYXhIZUlreUllZmtFdC1XWFVZZDVJc1ZKR3BhWml0R2t1Y21DemctWWFyNDkxeTZxZDZJZERScklfQlBoZl9nejhObjBKZWJkU3lpeWhiX1E?oc=5,fashion,dryrobe raises,0.0,bubbling
2026-04-30T07:00:00+00:00,The Luxury Travel Trend That’s All About Living Longer - ELLE,https://news.google.com/rss/articles/CBMihgFBVV95cUxOdFhHT0o3cUZTVjNTUTdpcG14Y1JQa0trUG9lY3k5NW04NFc2clJaVklzU0UwRVNRYnB1MEt3MDBUcEZ1QzZMQThVTjYwQjAzNTBjUTM1bTVUYnRLYWZxMHNTRE5ScEowdHBrZkhWdXBhX0FsQVBsNmNsX3hEN2QxSFQ2ZFpsdw?oc=5,wellness,luxury travel,0.0,bubbling
2026-04-30T07:00:00+00:00,Could Your Skin Care Routine Help You Live Longer? - ELLE,https://news.google.com/rss/articles/CBMilwFBVV95cUxNdTlVN00tM3NTRi1mSTFOQ0JGU2JzUkVaS1EzZG5rU0VHWHFwT0NyQi1wS1VJSGZNZHUxVlpzOV91SzdyR2t6bExzMzE2eXJobmpVMFU1aWNWQm4yLVp1bElEellTdFhfaFVscGtndmdlYjNVeWxkMTdybkJDZGstcWk4TTdpR0RrZWMtM0pSS1FXVzRtaEpR?oc=5,wellness,could skin,0.0,bubbling
2026-04-29T07:00:00+00:00,"Innerwear to fashion: Innovation, trends reshape India's shapewear market - Business Standard",https://news.google.com/rss/articles/CBMi3gFBVV95cUxPMlBHanhrTHVYdEl4U2FhVXJfUkViaHlOaWRRM0tST0dqRXRFQnM5Tjc0OWNrWk1JVm1hWU5TNjBlVGxjT0xpZlZ1UDVJdVFyWk9kSW44c2t4UGQtYk9Cb3U2S1l1eE55M05PRlhUdWhWQk5QSndKMEZYV0M2bkZUdGhUaGhGUnpxal9jcVdLN0dxbHRZQlQtbTdpTE9oc2Z0T01sYktSaXNCRjQ0aGdjazhYcnlVU1Z4RGRvUkM5bWx6OEFyTjdtdW9JME5VTmNJdHJGQW02RWcxT2RMLUHSAeMBQVVfeXFMUFJRWGlEakNGSkwwNmVLSVQ2aERxX1hGNFR2b0FFRDNZVk1PX19XVkxuZ3ZiY0dESkd6VnJxRS1xSmJOMF9lSnI1dG9KTDEyTWRTMVRGM3VlRDBtcXB0aGRmcVRuN0NENGR5RFVhdi01M0NVbEg2RXBGVE5WVzBuN092WUdoek5BWllLMVFkRFI1T29UYUJuaUVNYlluel82QzJYTXdZb2tSUjhPbzI0MjlyYlhPMXA3TGI5Wjlkc2Z2OG5CTGxybHMxSzlTNHlyT05GY3dSaU5xQjRLcDFMQmFCaUE?oc=5,fashion,innerwear fashion,0.0,bubbling
2026-04-29T07:00:00+00:00,"The 7 Biggest Beauty Trends from Ulta Beauty World 2026, According to Attendees - Byrdie",https://news.google.com/rss/articles/CBMibkFVX3lxTE8ydkR6VEw4NDNHUjhGeDN5bFN0ZEZKaVlucTNYbzBKZzlrQXNjZUV0VEZNQjFDYW1kZTllX1gtQ2VUT1JXMWRQLWtWbE5udFItOXpCRnVrYTQ1enQ3U1ZhUTYwZVJxR2dUMWdJSmtn?oc=5,beauty,biggest beauty,0.0,bubbling
2026-04-29T07:00:00+00:00,"Wellness Briefing: Tally Health is acquired as ‘biological age’ trends in wellness, plus news - glossy.co",https://news.google.com/rss/articles/CBMiwwFBVV95cUxOZ1pMc1VjV0NNWXlSc0laS3JXS2J0REJzVjNkYlRrUkF5QjVqczAxc0YzNW9MYmRXWUZ2cUZHU1E2NG1PN21PTldrUWxXdzNBU0tLRGpoM0RxcE5kWlpiQV9QSkVpWjdYck93eWtfcTNqNW4xMFhVNHEtbmtxZVFDMEVobWF0MkkxWm1PVjRRZlRGUUEtVkZfLTA5bVlUNk0wWlJSQS1NZ0FkeW1pOGx2Q00xSGt1cGFfNWg4cW5yR2RGYjA?oc=5,wellness,wellness briefing,0.0,bubbling
2026-04-28T15:02:14+00:00,Smart and sustainable fashion “made in Spain” that neither wrinkles nor stains - moeveglobal.com,https://news.google.com/rss/articles/CBMiyAFBVV95cUxQTW13NjlSOExtcmk3ZXJvU2RWOU1UWk5GazdKUC0zRy1rUVhMOC0tUTlOSGlKTUVEU3oxamtVTktfSWxGZVVvUXFiakY3MWMwOW40VDF5Z3BWM3FHWDFUTm5DdFJXQi1iUVBuZG1nME80bkdlUDl2bnFmTzJiR0U4M0VRVmdWcFlVNDdkQ0xnekhfdzhEcy0wb3lQdHhRZGZuZHlsT1MydGlQRUtBMnJMWjNYVEdtOWhFc2ZNUmhZa3pTWVNldmJkbQ?oc=5,fashion,smart sustainable,0.0,bubbling
2026-04-28T04:20:23+00:00,Ole Miss Fashion Week models student innovation on the red carpet - The Daily Mississippian,https://news.google.com/rss/articles/CBMilAFBVV95cUxQZzBmYjJVLVUwQXZveWt1S3FhSXBENlFVRmlnTWRUMGk5QVFsSWlUMGFQVHJjT0ZnUzIzNThKMTZlYUNVNk9RNm83RjNkSldHZE9oOUJKVC1lWXpaYlIwNktJOTRiai1lLTJobGM2Y2x1Q0NhRUlOdURXV2hQTXRzME1kV2lZTlIxaDgzQmxQOVN0Slg1?oc=5,fashion,ole miss,0.0,bubbling
2026-04-27T07:00:00+00:00,| Is Africa the emerging leader in sustainable fashion innovation? - Fibre2Fashion,https://news.google.com/rss/articles/CBMi7AFBVV95cUxPVV84enBpNWJaRDMyQ1hFenpDSWZRWlRxcXR1bHpIQ2NWTHhQLWNrWW4zazRKZE5iX2hlaFhibW0yaHNpMi1iUHV3OUZXTmZ2STkyQjFfSU56aFZ3YjhkS1pIaS1aOXp3Qm1FUlVOd092ZXFkYTVGTEN5ZWNCVmVsMUJLcHE2N1FzMTNHN3FwVXVXNE1FdDhUeUxZdjhYN0w3X1BEdXIzTW5GUFl5MHlSZjJseWJObDVqOTNTQTVHdmdvZ2ZkZDRxN3NJM0QxNmJ3czlJTDVQR2g4RDE0T3YxMXctWlFDSVhaSDNtTA?oc=5,fashion,africa emerging,0.0,bubbling
2026-04-27T07:00:00+00:00,Is Africa the emerging leader in sustainable fashion innovation? - ALCHEMPro,https://news.google.com/rss/articles/CBMiywFBVV95cUxQRUdZVnZkTi0xSWRjSkctajNlX0RCLURBVmdWTUFrWHdZSDBmdTFfaU5TQzh5SlEzay1tVk9OcGtoZ3dNcHpmdGd0OUZCZU80SVZ0Sk9jSWxCVVc3NGF0R2JGVGdQMFdxSnlSS3pvYnBOSnQ3OGNtWE9nemctd2ZGRjZIZFVxUEVsbEJIUWRfQ0FZZUdvYWxSZTQyTlhXalFsNXlUTm9WVmUxRUIwREpLMzg3dk5DQ29STWt6SVAxb2ZKY3JvSHJLemk1TQ?oc=5,fashion,africa emerging,0.0,bubbling
2026-04-25T07:00:00+00:00,Top 100 Cosmetics Trends in April: From Soulful Honey Perfumes to Waterless Skincare… - Trend Hunter,https://news.google.com/rss/articles/CBMiakFVX3lxTFAzazEtR0txMVZKRTlOcW00V3o1aW5mUF9HNGVuV2RLQm1Va2liRUtRci1kZndFQW84U3NKaktRT2x1MGFHQWdXeXJJWGVmdThpT2VmNG1yNFNyZVBZVEoxZ3Q3VGxKSXR4Mnc?oc=5,beauty,top cosmetics,0.0,bubbling
2026-04-23T02:13:31+00:00,Wellness Travel Trends to Watch in 2019 Updated for 2026 - Drift Travel Magazine,https://news.google.com/rss/articles/CBMiiAFBVV95cUxPSkRQWXlkYnNZYXNEMDZFUGRUTHF5emtDbGdNRE5RemdfNTZUcFctT0tGc3JTV0w3RGNzLVdCdWZCZFBBV0NfMjB0OVR6Z2JwbVhSRWRRTjNFYUdKLXBLNzNnQkF1UUVjVUxRLTNxTmc4RzE2Njd2eXV6Y1pFTXZMZnBld3NZVW1a0gGOAUFVX3lxTE9ONmZQMTdPTDY0TlJiVHROcVhtN1VvbjcxNTlDakV6cklQX0xTalVRazZEcmxzWVdKWVF3THNoSnNYeTgzVDVUX3FiQUV0Q3pJZVVwSlhKeVRoN0Zvc2xXMnRQX1hQeWRGUDVUdDd2YWI4TW1SS3VhZFEwYURaYUJxaHEwZFBudHhtMlF5Rmc?oc=5,wellness,wellness travel,0.0,bubbling
2026-04-22T07:00:00+00:00,Where Will AI Take Fashion in 10 Years? - Vogue,https://news.google.com/rss/articles/CBMid0FVX3lxTE1lTjZhemo0VkJ5Q2JnaUxIUU55SDUxbElMZmVNb0MyMmFET3FIb1Z1dWtFdFlBMW1MZlpJX2dEUEpaeTJqb3NIOUM3N1I2V2hrUHFwWEJiTlhYLTNrNXBTNWIzX0lKZ1ROSWs0TnJPam9TZVlZX3dZ?oc=5,fashion,where will,0.0,bubbling
2026-04-22T07:00:00+00:00,Inside Retail’s AI-Enhanced Future - Vogue,https://news.google.com/rss/articles/CBMicEFVX3lxTFBwMHozX3JKbENKWi1HOWRUT1RLUjgta2VFTG9PRTR1ZTBsbVQxdnlBaXBqaGlnbG1OektQTGxraWFWU3EyWHhKVVJDUjhtSUctS21iMmJDY3AyS21GaHNsdTdpWlVBVmZjYm1oNjBWcnQ?oc=5,fashion,inside retail,0.0,bubbling
2026-04-22T07:00:00+00:00,"Fakir Fashion wins ""Innovation & Digital Transformation"" award at GUESS Vendor Summit 2026 - Textile Today",https://news.google.com/rss/articles/CBMiugFBVV95cUxQT1NzaEZod3NEeXloQllMal9URmVkRHBDNUxYZlR3MldITlpEa3JSVUNJbXJlTGxzVkQwdE9teE9ZM25pWHFvTmhtdnJ6RlQ4OFEwd2xFVHo2NmJSVXM2Y2s4Yjc4MnI5UWZBSmVnYm9fbnYyd0lqdlFNOGpIcWxoT0U2M2ZtalFzSTJEUkdObkNHdGZJbGwxQm1Sb1RpRzk3MFN4YVF2a3A3cmlmYnk5eE40cGNmY1VDbkE?oc=5,fashion,fakir fashion,0.0,bubbling
2026-04-22T07:00:00+00:00,#ToddlerSkincare: the ‘dark and exploitative’ world of children’s beauty videos on TikTok - theguardian.com,https://news.google.com/rss/articles/CBMiqAFBVV95cUxQcDZXeV8xUXpWeThySzR6VEpYR0xFYTRNVGdoMENLSUV6b2dOZjlGdkdtRzRieVZjWHJkZDVFS2tiMEpld0lwZktVTGdOVGpmcEVPck5ueDJlTVFudnp3bE5oUjc1YWU5TkNTeWdFeUV3Vl9VN1plRS1TY3ZYUVVheEFiVFd2M1hOeFZXZXc4dDBVN0JiOU5uU0paZWY3R0ZyVzRDakNQXzk?oc=5,beauty,toddlerskincare dark,0.0,bubbling
2026-04-20T07:00:00+00:00,How to Recreate the Watercolor Makeup Trend Hailey Bieber and Sabrina Carpenter Are Loving for Spring - ELLE,https://news.google.com/rss/articles/CBMikwFBVV95cUxNNlB5TlN1OXV3ZWxaOENaNjhXVFBYV1NTQkE3ai0tdUc1SlR5RU4wWlpCSDVoZTBXSF90QlZyUTAzeDgwR1dIWGFBc3dhOVB2VGNPeUN4RzQzbjVqR0ZZVjZQQ2h4NU9CXzJ2aTlwNFpQVmp0NTh0eXFUUUlPajQ3YU5wd2JUZERWa1Z3SklwelZ1OWc?oc=5,beauty,how recreate,0.0,bubbling
2026-04-17T07:00:00+00:00,A Cosmetic Chemist Tested 678 Beauty Products—These Are the Biggest Trends - Good Housekeeping,https://news.google.com/rss/articles/CBMiiAFBVV95cUxOTTBRWHJPLXFBcnQ2NjV4UENxMGFseTk3TTFqUThWMlFzcUJPS1VHSU1kN2VYYzRmbTdEUFZ4ZGc1d3NIRmV2YkZxSjZEcDg4N1VHSFVWMURzRmpTbVA2ZHE4cFFud0ZQa1JZNnV1aUN0VTY0MEJoYmFKVVhBWTV3azZJR3VuaXM5?oc=5,beauty,cosmetic chemist,0.0,bubbling
2026-04-16T23:34:53+00:00,"Transforming fashion and textile waste into resources through SME innovation, community engagement and sustainability education - Frontiers",https://news.google.com/rss/articles/CBMirgFBVV95cUxQcnFaN1ZzbUZzMFlLaktuRTF4RmFEYWEwamZJSFlZRkZTYXRyZ0xqOVJFU043VzktdGdpLVZLYWp3NHdvV0h2TFAxY1JHekNhS2dBYlc0clhneDZfNHVFcDVYMllhNFFHSGtfT0NjWS1fMF9UdHQ5aFNQbzZabUFmUFFyaVVJRFptLVRaTkpJUGt4aEx3NHFzZVZ5bEVYdHJEOUFrY1ZRX3VENnpiTkE?oc=5,fashion,transforming fashion,0.0,bubbling
2026-04-16T07:00:00+00:00,"UK will lead sustainable fashion revolution, predict industry experts - Imperial College London",https://news.google.com/rss/articles/CBMiuAFBVV95cUxQVnFZRHFhQlFmOHVuQ0p4TmxWNHlHVmlZbjk5UmRYZTJnSUw0dnJsU1dISDM3bjFyZnNaSWV4cXF5WE1PNHN2SEVBZ1BzN1pad2dPRlFwcTBjamg4TVpiZjNIQ3dHcVVwamo2cjhRRURYNWJoUWlmUUdaWFNTQ2g0LW5idmlScVhRVl9xX20yWGktR1dqWUwtSmpkc1l0SnBBQ2ROWUpqbDcxcWdHMEMwQzRqeVRoVlo3?oc=5,fashion,will lead,0.0,bubbling
2026-04-15T11:22:28+00:00,WforWoman Takes Innovation Forward With AI-Led Campaign After Paris Fashion Week Debut - infashionbusiness.com,https://news.google.com/rss/articles/CBMiZkFVX3lxTFBwS2NKVW8xaDg1V1NiWFkzZnhGTV9Fd1h2R01RX3pxaU42RXFNMGFpZzBLM0JxRmVDSU1mYmJJVHJya2M4S293MFRKRmYzRHZJWnhOa082Q2ZrRjZ3UHZjOEFzQWMtUQ?oc=5,fashion,wforwoman takes,0.0,bubbling
2026-04-15T07:00:00+00:00,Are Sardines Actually Good for Your Skin? - hypebae.com,https://news.google.com/rss/articles/CBMihgFBVV95cUxPLVFXM2dNSEVBOXN6V0tEZDloZHpTeEN0WUVmdkZCTGJSUW1lMkxKaFB2eUJPX0dqbHNmS3dfVl96ZlFvQ2FlSzhzVW12U1Jaek5FdnVjYm40VFk5aXhmakFxTFBvQXJXVGtVMC1oM2djLWEyQmtwRkJjcHNpME5DcmRxWFFjUQ?oc=5,beauty,are sardines,0.0,bubbling
2026-04-14T07:00:00+00:00,Kornit Digital invites the fashion industry to unleash its creativity and embrace innovation - theindustry.fashion,https://news.google.com/rss/articles/CBMiwwFBVV95cUxOSzBfRHlJcHBVNDlzNXR2UGJRR1p3SFNyNmZBV2poSzZMZlJUbHFCZlIzZ25VZW5fWVU1MU1LSjVLRVk5bWlxVEI1eFZTOEdBN3VmVWppQ0xMZGNDcXlMOTJVY0E4dWs4UVh5VV9IOVp3SjE4T25GNjRsYjZSYVZob25YcXlMUTR0bFRJMFpTSFFUd0dmNXhSaWNmS0cweHkxLXdMN0JVeWZOcHBTVnloNEhCUEkySmZWWHM1SVpTVEktS28?oc=5,fashion,kornit digital,0.0,bubbling
2026-04-13T07:00:00+00:00,Fashion District announces shortlist for Innovation Challenge Prize - fashionunited.uk,https://news.google.com/rss/articles/CBMiuwFBVV95cUxOWGxHMEtJSHFqSmE4VUh5MmU2WkE5TnVPM1BsamF2SmJwX2RiaWxBbzBIeG1iZkUyWjN4VjFJVmZsaS1GTktrMlVtU2FxUU16NDlZdXg3V1FIYWlmclFUZ09CLW9CaV9hLTBoUkRLWDBmMjN1WnhNOTlULVl5LWNiazZKTDFNQmZlZlk0TERMNG44dGhaU2xnWXNHbjlBNlpvSHVLczR0VzBzZ3ZEWkFUVnZlZnJ2UUpYTGhZ?oc=5,fashion,fashion district,0.0,bubbling
2026-04-13T07:00:00+00:00,Nike appoints new innovation chief - FashionNetwork - The World's Fashion Business News,https://news.google.com/rss/articles/CBMiigFBVV95cUxPbVF2OG96dlpMcVU0TVRDb0M3Rl9CS2RfVzJ1cF9iR2tnMVE0OFFQWXZaU2ZlaVFxNms3OGR4N3Y3dkdEdFBMMVRKcjl4VGZGRi1DOVhEUjdFNzVqMWJWNExVeFMzeEpoc0psTGcydkZ5T1RVM3d0V1RjWFNFZU9iVHVveUxhb2ZVeHc?oc=5,fashion,nike appoints,0.0,bubbling
2026-04-13T07:00:00+00:00,Chinese Grandmothers are Truly the OG Wellness Influencers - Grazia Malaysia,https://news.google.com/rss/articles/CBMickFVX3lxTE9jdzJPUFJRV0g5dXMwMlZRaHNjdzQxMnlORGVpeTRiVmJmQ0lvS3prVHg5dzJ1cUhqYlJVbWg3Z0FYUXNud2Y0Xy00ZmlMYlZBd2NCY05WdWl0Uy00QWtNOERDYnFtM0k5cTBpamt2U3FUUQ?oc=5,wellness,chinese grandmothers,0.0,bubbling
2026-04-12T07:00:00+00:00,"After the K-Beauty Boom, Japanese Skincare Is Emerging As A Major Player - Marie Claire UK",https://news.google.com/rss/articles/CBMiqAFBVV95cUxQOUxqaTNCWFdvZTE3NFhtR0dNWXJVMnZhaDN0amEtQ3pzUW9NZC01ZVZ2eURKTjJvRFAxOFJwb0VZcTVTcWxFb2lKcmZLMlB1Q2V1ZFkyb0JVQ3FoVWtCYncyNk4tNmc5ekNzMHo1WFoyVERtbDE0dUdPang2dE5CZUZrMjUtR0tFM1NVcU5nSktWa3FKdDgzelhvOHVKcEJ6OEJhTGloTGE?oc=5,beauty,after k-beauty,0.0,bubbling
2026-04-12T07:00:00+00:00,Dance Floor Dopamine: Wellness Raves Are Redefining Collective Health - BeautyMatter,https://news.google.com/rss/articles/CBMipAFBVV95cUxPR0d3cGNNVURiZ3JUQ29hQ09jUmphMHVSNVJvR0pjcVRxLW5mR0h0WWJhVkI4b3R1cTA1Z09MbEhuUnJXVHhGVEFKRVE4b054WUI2WmttR2s1bDFsd2QxMDFPRDlQWEhJOE52UHZudGlyVi1iVHA2OHNmYWtlaTRfMjREX3NPcGFUamJrSWhkdS1ZWUE0OEZaSUlBU2tXNmxqWC0tTg?oc=5,wellness,dance floor,0.0,bubbling
2026-04-10T07:00:00+00:00,Frasers Group's fashion and lifestyle brand Frasers launches AI powered online shopping assistant - retailtechinnovationhub.com,https://news.google.com/rss/articles/CBMi1wFBVV95cUxPYzdrbDNIMGR5amU4RlpFVmJQcWFKWXdlSk9qaUc5YlF2OXRIdjNRSGhQeDctOTl3WHE0Q0t5WVJMNEZpaU1lb3o2MjNQUkt2clRtenZDYVF2Ym1QZm4xRGtpbEVfVzROdWwtWFRVWXMwSlA5d1VNUExGR20weG5iVkxUczRiLXhWcG00eVBEQUYxYU1jYmg1Z2dPUzRvaWVTdjZSUjN0RC1FU21jVWg5LWxLZHZQNVpRaWJEeEU1Ul9rRFFzUmdDMjFfblRuM0dlLWRSbjRpaw?oc=5,fashion,frasers group's,0.0,bubbling
2026-04-10T07:00:00+00:00,"The 9 Biggest Skincare Trends From AAD, Straight From Dermatologists - Byrdie",https://news.google.com/rss/articles/CBMiiAFBVV95cUxQN1R2RF9pX2EtS2RsRDhTeGxuNmNFb3pjZ2I4Q0NiOW9PN0pxeEc2MmNqTEVsWno1dW9KWndZYUt1ZkpwSE5KajRTSGZMT05idVEtR3Q3SC1heGVWa0V0cTdFQWo5UUpYV1hmdmhoZEIwaWNKanFIYzBJVlBDTFRTaXkzVnJyckkx?oc=5,beauty,biggest skincare,0.0,bubbling
2026-04-10T07:00:00+00:00,Chinese Grandmothers are trending on TikTok - here's why they have the key to ageing well - Grazia Daily UK,https://news.google.com/rss/articles/CBMiigFBVV95cUxOaERuMW5nUGk2dXVQYTduUlU1UGRnNnNBNjlSUjBpZnhubWo5bnBDdThTeThVaVhyWUVQc0tyS2tYbW5YVjZ0YVl5dkFXTGJJWjJqWjcxNnpQbkJHRllzclg0bGxVUWZEYlpMZGNpOU10bzhiNElyLXNzMEdJVncxaDQzMnZyeGU5Q0E?oc=5,wellness,chinese grandmothers,0.0,bubbling
2026-04-08T07:00:00+00:00,Fashion InStyle Facilitates Innovation Discovery and International Face-to-Face - WWD,https://news.google.com/rss/articles/CBMiqAFBVV95cUxNZXdiYUtSNEl3ZFptWkV4YzVjektSN2U1a2ZiSGJkZHh6ajFlQXZrdF95X052U3dlbTVQdWNuY1ptcGVhNTlEUi1TajNhSG9sd3N3OUpLMi1iVzBiZHFPSWJhOXNicUFIcU0zZllGejczQ09DWkp6MTVpQVhaNkw2SU54RWVPWGhWSHRXRXVEcllQUlpZTmlNRjZmV2ZNbWl1U29uMFM0X1Q?oc=5,fashion,fashion instyle,0.0,bubbling
2026-04-06T07:00:00+00:00,What are spicules in skincare? The K-beauty trend explained - Stylist,https://news.google.com/rss/articles/CBMifkFVX3lxTE92Y183NHBiN0tLZ25xVEVJdEFRcnBKYlgtMEpVQWhEMXBTSURXYVl3YVBCb28tR2hLakF3SVR4WW5LM3hYeGRLVTRJbkI2ZjBlWXB5NE9mM0VxNjJuT1FBeWdDY2dpWWdqNjc3NUV0MGY0Nl9YMmhvVjJNdzA2UQ?oc=5,beauty,what are,0.0,bubbling
2026-04-04T07:00:00+00:00,How South Korea's K-beauty trend boosts soft power - DW.com,https://news.google.com/rss/articles/CBMiigFBVV95cUxNNGtmUmZKaC0wRDVWRXlxR3Z0QXNNWXhUV3lMVXRVVDNCYk45ZUpDOU0wTWhfeGFXcVpmcmp1bVpoVUFIZHBKWFBLZng4eDJISm9uN3BQTTFPaXdWV21CUjlJbURHQTh4cU1uQ3RlR1VSdHZZLVNsUnZjZVptblVlMFREVlozeDlSVHfSAYoBQVVfeXFMT3YxS0pERVhCVlBKRVhRMUs2YW54OVlnZVlNNEVzLWtRa2owWExPU3d3M0VQR3RLWnpfQjIwN25fczFVT1NyZDN0d0xBb3c3RFRjaHc3ZEdCbWxZS1JSUEV4RHNzY0ZXRnFXODVGc2duUFZKSkVXNnZfOElTMlpkU1JIWFg4MlVIOGVR?oc=5,beauty,how south,0.0,bubbling
2026-04-02T07:00:00+00:00,Longevity Ingredients in Beauty: Separating Trends from Drivers of Skin Care and Hair Care Growth - Euromonitor,https://news.google.com/rss/articles/CBMizAFBVV95cUxPckpRLTFIYTNWQzhFSVRqSFpEano0N1FteTV1LXJXVENsZ3BvUVE3am9uNzBiRHFSRzFlN0dIVWZBWmpUNDBBLXJTZjd5Z01LaTQxb0RJWjJzVEZZQkZjUS1rTGt0ZFpQS19CYWg0RUhfVXZGRzMwZXU3TTRyWW5GSFBqa3ZsTUwyV0cxdWk0RkxlR0p3ZXQwTzFYcUI0Z19nSWNGQkJWU0VYN1hlaTBXS0kwa2FIbDVYRHdnNVQtTDVpYVc3NTRFWjFIRmc?oc=5,beauty,longevity ingredients,0.0,bubbling
2026-04-02T07:00:00+00:00,"Trends, tech and innovation shaping skincare through 2030 - TheIndustry.beauty",https://news.google.com/rss/articles/CBMijAFBVV95cUxNUkRFRWdGbTR6S2dVeE8xMlNJM29lYV9wLVNkY21xYjk4N0NJdDE5d0xncV9jNHVZdTR2eDd4LTQ5VkI4clBCMFJaN3o1YkJTdzh6VjhKcXZHQ0p1TWp1Q1lvUUZhU0RRTHRCb0ZBQkh0VHY3OGdIVjlaUE1hQ09kSVZkcHhzU2VwRXVFVA?oc=5,beauty,tech innovation,0.0,bubbling
2026-03-30T07:00:00+00:00,"Jelly Beauty And Jelly Skincare Are Taking Over, Here’s How To Master The Trend - Refinery29",https://news.google.com/rss/articles/CBMibEFVX3lxTE45NmpYbk50Ry1jOFdkUXdCanJCaEhlN08ySndiZG93eDJVM0lwbTVjdU9kblA1U21oekZ5aThJcHB1ZlUtcmhYWGpxRzFsV28zakJIQWtlak5OTzVjUjV3ekhxN0k3ZTQ5YVdaNg?oc=5,beauty,jelly beauty,0.0,bubbling
2026-03-30T07:00:00+00:00,Salmon sperm to bird droppings: The science behind bizarre skincare trends - BBC,https://news.google.com/rss/articles/CBMingFBVV95cUxNU3lOR2hhM29hNWxDVHhHeFR2MlJRcUF2ZFFhWDdQSkZvekpGLTAxMDVSMDVxNzh3dFktcUtCTy1DNEFhdjdNaFRTQ3hHLVVGajdoZDh5QmVPYzBUVG1xZkxVMFA4azhCbE1LSnFOQnZjem1fQjR1bjJfWmVpTmx0WmRYOEVVUkI0cFNLRGkzaVotRmVBdElKVmpubTZoUQ?oc=5,beauty,salmon sperm,0.0,bubbling
2026-03-23T07:00:00+00:00,2026 Proves Body Care Is Having Its Skin-Care Moment - Vogue,https://news.google.com/rss/articles/CBMiYEFVX3lxTFBxQWMyWHNBU3hRR0UzNGNacmJKNkhhZENtV0hfYm5sMS1fOTZPUmZFRmRSM3BCd0lTdXJlMlllQ2tFNThDenVlUUpYQ1ZUWGxpQ1dQVU84UHJmcUNFUHhmUg?oc=5,beauty,proves body,0.0,bubbling
2026-03-17T07:00:00+00:00,Color Theory: The 2026 Spring Beauty Trends Defining the Season - Vogue,https://news.google.com/rss/articles/CBMiZkFVX3lxTFBtbFg4am1hdHBOUEw1U2ZLS0d1VHFyd0RqMzVPcU1STk82V2dFNG9KcW5LMHRNOXpPVFE4MjZRVkVfaFFfMDktUnMwWlZRd3pvV1FQS3h4MWVySGFkdmNQaTh6SVVGZw?oc=5,beauty,color theory,0.0,bubbling
2026-03-09T07:00:00+00:00,The Fabric of Fashion Innovation - The Worldfolio,https://news.google.com/rss/articles/CBMihgFBVV95cUxOTmFGdDd4SnhGalhiRzFLWjJPQVlLUmRqVWw2Z0V0VkxIOXhSTm9jNUtUY05lalRoUWk3cGN0VjMtUFBOX3VSc0dob3cydWpnSm5ONk9yWGNvRGl2TVZ4Y3h0VVJ0ZDROTDBMWXQyOWRxLVc4ejBVYXhYME9fbk5SQllQTUVRZw?oc=5,fashion,fabric fashion,0.0,bubbling
2026-03-08T08:00:00+00:00,5 Wellness Trends That Are Actually Making Us Feel Better About 2026 - Outside Magazine,https://news.google.com/rss/articles/CBMihAFBVV95cUxPdF95NVNrZmd1c1h3bzJMbWdGS1FtWURWbXZOMTdtbnBOUWJLTk5hU1VNZ2QtaklLazFPUHhGNk9sTFY4UEFVNmxaRlVfT1dXbFY4QTZJNHRUeFNuSEtISVF0b1ExdGxpRVhXZHBXTW5waVliOWpQTllZQjdLT0ZqVFlXc3M?oc=5,wellness,wellness are,0.0,bubbling
2026-03-08T08:00:00+00:00,This wellness trend is everywhere right now. Experts say it’s legit - San Francisco Chronicle,https://news.google.com/rss/articles/CBMipAFBVV95cUxPUXhLakVUaXdHOC05OTNkQm9wQjE4Y1NFTUd0LUlyLWdLRWg0VEhYRTZkNzNfZXg0NDhTZ19uQy12dDNsa1FISU5rNzFwTExkMHRibFRuVTlZVTN5eHhPeFN2VXY1OVJfcmg3UGVPSTlrM2RNXzc5LWVLbTd3a0htclhIaTktY1FReG04VXIzWDJVcVFYNDU0clQ4SVRCcjBVeUdLLQ?oc=5,wellness,wellness everywhere,0.0,bubbling
2026-03-07T08:00:00+00:00,Top 100 Cosmetics Trends in March: From Targeted Skincare Pads to Collagen Serum Sprays - Trend Hunter,https://news.google.com/rss/articles/CBMiakFVX3lxTE1UcVBfNVVEN0YzcUZVRk9obzJWT0NoOFRpeWg1WUV2S1NGM1plM0RtRnpMUkpFUFJRMlZvbnJKWXE4empYMXpiQUdIQ09GVW5pYlZGUzZ5RmhucjU0MjlrOE5GM1l6RjltOHc?oc=5,beauty,top cosmetics,0.0,bubbling
2026-03-06T08:00:00+00:00,"Fashion, Technology, and the Milan 2026 Olympics: A Runway for Innovation - Foley & Lardner LLP",https://news.google.com/rss/articles/CBMiwAFBVV95cUxPZERGQ0d6TlFWY0hBTEdQeWdjbXRoY25zS1M5N2lvYmdDWEVURWxoT0FJVEI0X25aVTA1UVdHNjlKVGFLeGV5dHprYThCREEySEZHeEtuTjdQdl9VZk85R0EyV0NJT3E0cFNqRHdkbGxwWFlzX3dNejlmZzRzWktxa2NpdGZDeGhLaHE4d0FWVzRXV0ZHZy1sX0lGRjk4S1ZxcEx2bDg4LXBDb2Vab2pINW04TXJRUS15TEFhb0pOb1g?oc=5,fashion,fashion technology,0.0,bubbling
2026-03-06T08:00:00+00:00,"According to Meghan Markle’s Makeup Artist, I’m Applying Foundation Wrong - Marie Claire",https://news.google.com/rss/articles/CBMic0FVX3lxTE9GSFRDVlBtYmsxbFRLTTJrRjVyNElhME9VRmJqb2VfeTBST0F0enE2OHVNVVJBaXlKOVpSNDM5RTNLOWdVbHlFdlB2UjVHcnJJMm1oWXhxWnYwQU9VeUNfN3VDekh5enRZQ1hoRlNMTzdVaUE?oc=5,beauty,according meghan,0.0,bubbling
2026-03-04T08:00:00+00:00,"The Feel-Good ""Jelly Beauty"" Trend Is Deliciously Nostalgic - Popsugar",https://news.google.com/rss/articles/CBMia0FVX3lxTE5WMVBzMkNLWFplVThUZ2F6SGVOd08yX0p6YmlLMVZvTl9za25FWU1HeVBHeE55bERXaTJXU0hwOFh3SHo3VGw2ZDJfQ2ZJSkZzemhfSklFay05Q29IWmt6UVdIVG9VUWt6RmVV?oc=5,beauty,feel-good jelly,0.0,bubbling
2026-02-23T08:00:00+00:00,Influencers are promoting peptides for better health. What does the science say? - NPR,https://news.google.com/rss/articles/CBMimgFBVV95cUxOaDIxLVRIZWVaTmNGek44bDBIM3dWSlpTdy1NdnM4eUc5anFFVW4wNlI2b3FhQzFyTENVblFVMmdCSGJvN1FlRFVIX185bFQ3RG9lQ0o0MVV0SUJTak8xN1dzWDB6S2NONHozTFctUnFacDdHX0JROXpFYU5vN2NHWENhY0cxNjdieEhQMUhIdE5UdWduTlFDckRB?oc=5,wellness,influencers are,0.0,bubbling
2026-02-19T08:00:00+00:00,6 Fitness Trends That Will Change the Way You Work Out in 2026 - PureWow,https://news.google.com/rss/articles/CBMiYkFVX3lxTE1SX2V4dUExM1E2U3RtN0xzbUpuVHdMVDhDYXVXZW9fOEdJYnRJVEJWMURYdk9WYi1OcjBReThxU1BMTnc2NHF0UEZUYldPYUZ1Mmx6OHdjWkI0VW9lSm9iWEtR?oc=5,wellness,fitness will,0.0,bubbling
2026-02-13T08:00:00+00:00,London Fashion Awards unveils nominees ahead of inaugural ceremony - Fashion United,https://news.google.com/rss/articles/CBMivgFBVV95cUxNTE1YbkZsYzFITklRRS1xWjZzNW5HWVJfT01ELVJ1RjM0a3RhcThycHZrbi1DamhqcUlTdE04UEV5LWZNMEpXQ3RfRVlkSnBBNkRBWlNsdDJ0V1IxVnZhdGkyXzk3OHRkalZ4MEljWFl4MEQ3c2RVRDNLYi1qS2pzeU01alRsQkFaazhpUmI1Z1l1Vl9qM3BBOGhmSndnOGtCQjd1LV9DQTNOOUIxZlpSc0pYMEp1MHUtRktPTUJ3?oc=5,fashion,london fashion,0.0,bubbling
2026-02-13T08:00:00+00:00,Women’s health is top-line trend in new report - SupplySide Supplement Journal,https://news.google.com/rss/articles/CBMiqgFBVV95cUxPRzllMVNJRlFrQUtUNFF1eDJiZEVwWWlkM3JCNDhob3FiWWdZYmRLdVlHS0FTWWNfVXJiNkZINVV6SzZBd1d2dlJXbFFsUTFKUkRKOUo3T2VMZ0RDMUpQSVpoV29ncENjODdXQnlleGJRdU5lSEFzSm5oVXBZSUY1NjJBRlF4ck0yNXNKZFUyQmtGYjF0Y25EZEs1RTgzRHlOMGpDWXlBN2dOUQ?oc=5,wellness,women health,0.0,bubbling
2026-02-12T08:00:00+00:00,What Beauty Trends Does 2026 Have in Store for Us? - NewBeauty,https://news.google.com/rss/articles/CBMiZ0FVX3lxTE84eEFtX0NpSjJkS2N6eXpUdWdYemJzc0xyYlV6U0tCdWN1VkczaE5aMXhZanItaU9zZ3E3cG9DVS1QaWlDRWNsdWFhbmJ5WUF4SG5aNHFwYV8xbk9MS1ZmQ014YWZhTWM?oc=5,beauty,what beauty,0.0,bubbling
2026-02-10T08:00:00+00:00,7 K-Beauty Trends Shaping 2026 - British Vogue,https://news.google.com/rss/articles/CBMiW0FVX3lxTE9qa3hEN2luWDk0RWEwSVhqRmJNMnpEMkFPT3owX1k2M1ZTSTREX1hTSWtDdGhFUXNDSTlWUWFuVDBaeU9QQzR4Z2ZHOGt6RGFGdEdCSEVMVTRzbDA?oc=5,beauty,k-beauty shaping,0.0,bubbling
2026-02-09T23:06:48+00:00,The Future 100: Oral Care Trends & Insights 2026 - VML,https://news.google.com/rss/articles/CBMickFVX3lxTE1pZXloNWljRlAtSWdCX29YdzlsUFpFTzV5ZFkyWEVXeHpsVDBvZG9SSDloaGg3LWVJbXBuRlMzVXZCYWhQemtmLU1YZVAwb08tMWxNWExUWmlBUWxvX2hzZ0RVUGl2Y3BZQy1RMUNQbUNvZw?oc=5,wellness,future oral,0.0,bubbling
2026-02-09T08:00:00+00:00,CFDA & OpenAI Launch Innovation Hub - cfda.com,https://news.google.com/rss/articles/CBMiZ0FVX3lxTE1XV3lhbEN5VFpzRkxSMTlmb1c3NVNLS0ZsQUFoZGwtb0FuWjB5UVNUamtUS2RYQXlPT19ua3lkMVk3QWk1WHlJamhFRzdyOGdtckQ0Tl9WNzczRVYwSVloQm1aOENTZWc?oc=5,fashion,cfda openai,0.0,bubbling
2026-02-09T08:00:00+00:00,7 Spring/Summer 2026 Beauty Trends Set to Dominate the Upcoming Season - Who What Wear,https://news.google.com/rss/articles/CBMidkFVX3lxTE43RWZ4R2VwVHhueTAwWnFhS3F5OExMSWZ1QnhzWTAzckd6aWJQNU9reXhBbGlSOGRJck1nZUxrZzBhdktObEFmS3V6d1R1Uk4zX01rcHU3eHJtNXVSRzUxTnFuNVNWUjdaRXhwV0ZFY0hBTHQzZ3c?oc=5,beauty,spring summer,0.0,bubbling
2026-02-09T08:00:00+00:00,Skincare Market is Expected to Expand at 7.21% CAGR - Beauty Packaging,https://news.google.com/rss/articles/CBMingFBVV95cUxPT19UYVVmMUdRRURFaDd1b0tHWXl3M1NMdS1kOFNPMXBXa0RFZnVITGllM0hRd1lzdXJVUWczTHNoZE5nb2RsZW9NNFRzTnRHR21wa1k4X2syZ3JXMS1aenhiNXlWckZmSnd0Ri0xQVdyUC1ZZlJ1Sy1CWm1vRjZ2RHBJdy1uMTB1OXBLZVRwRTNyYkZaVWhLQUctUTR0UQ?oc=5,beauty,skincare market,0.0,bubbling
2026-02-05T08:00:00+00:00,"Men's Beauty Market: Steady Growth, Different Dynamics - BeautyMatter",https://news.google.com/rss/articles/CBMiYkFVX3lxTFBxc2RUeXo3UFhlSjhtbmF4aXl2NnRXSldQRmlWY05tSGVJQjB1b3RCcHlTX1lBNFNMRFE5UE4xNjhVdzRJWDFvOXlLN0VkYjMyNS03Vl95RENVR0tpdkkxaXF3?oc=5,beauty,men's beauty,0.0,bubbling
2026-02-02T08:00:00+00:00,"Skincare Market Size to Reach USD 340.25 Billion by 2035, Driven by Clean Beauty and Wellness Trends - Yahoo Finance",https://news.google.com/rss/articles/CBMiggFBVV95cUxOSzdjdzZZdExWc3Bua1BmNjEzWm1PT1dXVmw1OVFqZEIxczhoTno2V09xTE45QWpGQTdSZ3p0RUE4YjVGZ2Rha2NVM21JdU83aXBGZzNTV3lXdmd6WW9pNnZyTEtJVXJ1TnM0ZnlnSVAtdDI1ZEtkTlFwU3BVSk9HWDFR?oc=5,beauty,skincare market,0.0,bubbling
2026-02-01T08:00:00+00:00,Hybrid Complexion Products: Where Beauty Gets Technical - BeautyMatter,https://news.google.com/rss/articles/CBMibEFVX3lxTFA2a3p3SEpvRWpLYmc0bERTSEFPQmJTek5XVmNvQ05ra0FldXpWVlJHUndsbnJFWE9FUnJ4QktvQVk3UFUzdmVjQ2FfM0lQSExQQTMzYWIzanJRZWNxalFlWTRPekx5MTVhbC1wbw?oc=5,beauty,hybrid complexion,0.0,bubbling
2026-01-29T08:00:00+00:00,Gen Alpha Doesn't Take Beauty Too Seriously—and We All Should Take Notes - Byrdie,https://news.google.com/rss/articles/CBMidEFVX3lxTE9iQV9QYUIwUDcwX2hRV2FpWXNmbjltSGJzcUFTa3YyMU9NVFpCLVU3YkNkbW1obGZsWFdtbUF5OUVLeExGMm4xUzZtU3hwT1Nrak5VZHFmcm1xakFJc1hWeW1ETHA1MnBYaXQ1VkU3RV9OMXJV?oc=5,beauty,gen alpha,0.0,bubbling
2026-01-28T08:00:00+00:00,"Behold, Our A-Z Forecast of Every Beauty Trend to Know for 2026 - Who What Wear",https://news.google.com/rss/articles/CBMiZkFVX3lxTE9LeU9KN3V4X2ZjcGFzZkZuQTQ2NmZNeG0yNmE3SVhMczRwX0FyMGF6Ymx0N01mZkpPNzYyQ1A0c1psazBCNmRuNjNJWF9LTTFGUFpQRlZ6Z05HYVB0TXFvUEljYUpyQQ?oc=5,beauty,behold a-z,0.0,bubbling
2026-01-28T08:00:00+00:00,10 Wellness Trends for 2026 - Happi | Household And Personal Products Industry,https://news.google.com/rss/articles/CBMickFVX3lxTE9WdWpHX1U4MWJFR2l0YkptRTc2N29SSTZ5bVA5SjhwNXQtV0tmVGFFSGdqbnZjZ0xYNzdid3puLW1BLUU1Szl1dWM4YWpnNW5OUVJ3ci11V1RHbjFnZWptUkxmT1pCZ2JVclpONG1aWWNYQQ?oc=5,wellness,happi household,0.0,bubbling
2026-01-27T08:00:00+00:00,"The Top 10 Wellness Trends Shaping 2026, According to GWI - Athletech News",https://news.google.com/rss/articles/CBMihwFBVV95cUxNbTVGNGt1YzZDblZrc0E5TTdBZ3V2NjZ4ZGpielFPWWZEeEdoa3YzbmROLURwcjc4UlVWX0poalJhZnNQQll4Y3Rzbm5aNGZZanRiWko0MWZINHUtWkpIR0hCNXdZZHBUMVdiZG1zNkQyVjdnckJvZzltdy12UGpVbGNnVHBTNjg?oc=5,wellness,top wellness,0.0,bubbling
2026-01-27T08:00:00+00:00,New Global Wellness Summit report forecasts top 10 wellness trends for 2026 - spabusiness.com,https://news.google.com/rss/articles/CBMiwgFBVV95cUxNaVIxZHFsT0xlcWpNZTRJaFBKbEctN2VKSnNvdWVUUlVCcWNlUFdWbnVoTE01TzIxNUt0T2ViQ3ZFbkY3T0V1MFBqX0w5dXVOYTVfdWRSYmVOMXhobjNWMng3X19IUWE5Sl9iVmtkdzc0SUZzVkVQTnlKUlAtbzZzNGpTaThQTjJkYkxHOXRyZkRQV1VWbkplRmo0a2lMa0txbHFxV0JnTkNNNW1oTWxNZmtRWF9GZ2xqODQxc2NGLUNNZw?oc=5,wellness,global wellness,0.0,bubbling
2026-01-20T08:00:00+00:00,Why the beauty industry is booming - The Economist,https://news.google.com/rss/articles/CBMihwFBVV95cUxNNXMxV3hOOTJoczJuUXZpLS1YeHZ6cGFIZkJEd0tLMjBURTRXTGt5bzV6eFBhaTNFajBwcUtGNXA0VGVpaGNKbWxUQU5leFFrcTl6WDJFU2xBVEd1T0piSW5UQzBDWTVGMi1KR0JrU21LNzhCTTNTbHZPcFI5NmItbzM4dTZvU3c?oc=5,beauty,why beauty,0.0,bubbling
2026-01-19T08:00:00+00:00,"I’m a beauty director, these are the 2026 beauty trends I’ve tried and loved and you will too - Get the Gloss",https://news.google.com/rss/articles/CBMiZEFVX3lxTE5uVHZ4NG1tN1k2NVJ4aldOSkdGNndPSGxMT2oyWnZ1M0NOOTJZSVpiUUQ5VlIyalQ4bjliR2NLUXdPTEFmR0dxeXpxMFVzeWdVWkFZRmQ0LWxKaFZEUDVSMkRLbUw?oc=5,beauty,beauty director,0.0,bubbling
2026-01-17T08:00:00+00:00,"The 11 Biggest Wellness Trends of 2026, According to Experts - Who What Wear",https://news.google.com/rss/articles/CBMiXEFVX3lxTFAyOW9sWFpyOW40a2IwRWVLUkFIVG1JM0dYOGhPdW9LY3lialg4aDhSZ2xTMGN3c1U0eEpNRVlSYVp2ZmVpd0V1RzRObXIyMEJ6dFJpTmY3QzRpTlA5?oc=5,wellness,biggest wellness,0.0,bubbling
2026-01-17T08:00:00+00:00,CES 2026: The Fitness & Wellness Tech Trends You Need To Know - Athletech News,https://news.google.com/rss/articles/CBMigAFBVV95cUxQcnkyVkZldkhoVk5FaE1MbmRpdFZoZWx1STZfZ01Ua3d5aU5ELTRZVzg1d0s2WGhBM2ZtSlJ0VW0wTnNIQmpOUy03NnRBZzNsMXpHdzd1YnpBS2hHM0tCME5Fb09ZLUJ2NkxCQWVMZzdlRUYwSlk0LXBZQ3FCR19Xbw?oc=5,wellness,ces fitness,0.0,bubbling
2026-01-16T08:00:00+00:00,Wellness travel in 2026—here's what's trending - National Geographic,https://news.google.com/rss/articles/CBMipgFBVV95cUxOa1pnSWdnbHZnczEyakZzdVZqQWFsRXdDUlRuNExiNHRHTHVWT0Izd0lqaGZGWXlVRXZLM0pSVGFtYVZQRi01RTZ6QXA0V2FTSUd3YUdSU1hPSGdwdVBKemJUYmlmbnJPUk1BNTQyaXFqeHdHRDRyUFNuMTR0eURaYlJrQVFjX1hudi0zbGh2MlJLUmFfNTctbVdYR3FIa2JRaDNLVUhR?oc=5,wellness,wellness travel,0.0,bubbling
2026-01-12T08:00:00+00:00,Top Skincare Trends For 2026—And Those Losing Their Sizzle - Beauty Independent,https://news.google.com/rss/articles/CBMihgFBVV95cUxPX2t2bjhzejd5NTF6YlNORURCb3ZnSWk0Q1FxczZQZ3NYYmdTY0NhYW9LWHZQdTlrRjhxRmRmLTgxS1VkZXRXU3lsZnNMX1pFTE5OWDdXeWEzandjY3JpWk9WYXhaZ3lNbmtIZ0lkM2QtcnpxWE9KblV2NDNJakg4NjJjTnQxdw?oc=5,beauty,top skincare,0.0,bubbling
2026-01-12T08:00:00+00:00,Gen Z & Millennials Name the 10 Biggest Skincare Trends Right Now - YPulse,https://news.google.com/rss/articles/CBMiqgFBVV95cUxOQWpkdGpBamdxWkdQM2JKX2I1NENtUGpiajMtazhyd1JPY29XcEFpLVlwWGtLZzdVdXhhVVpiVDZfd19JTm5icjhUWW9tSGxiNDZDMzF1Y1kxS0pmenBNYjFnZ0dKcHlLZEEzZmx3dkpvSEJEX1JoNGlZbFF4T2FvVEdqbnJnYmRpVVhESVpnb1l6U2NNWkhzbkJkMm9MTzM3MFhGSUZXWDlUdw?oc=5,beauty,gen millennials,0.0,bubbling
2026-01-12T08:00:00+00:00,"China’s 2026 beauty trends: Scenario skin, neuro-scent and biotech - Jing Daily",https://news.google.com/rss/articles/CBMiaEFVX3lxTE9mYmktaUNUTG9OelN0VGhEcWVRRWNtVWF3OWRNLXlzck96d3dZU1BFT1hNdHZmNjRZLUFuTzlIYnNaR0F0OGZXUUotN3VnSWl5T0dWeF9uazI0ZGplcDYxNnZ5aEZyd25x?oc=5,beauty,china beauty,0.0,bubbling
2026-01-12T08:00:00+00:00,The Rise of K-Beauty and the Economic Implications for South Korea - Korea Economic Institute of America -,https://news.google.com/rss/articles/CBMimAFBVV95cUxPSjVaaEZTNjItYjRGamR5Y1dvOWc4TlFycGo1MDBnMjZHY25RYkRLcU04M2tXdUE4bU90aVZROHZjNnFFTG9NLWROVFcyamtKOW0yVnozS2FYaHFMWV9WS2FQRTQ1MlpVb180QThfTmw2MmV0T3RrM0RDMUg3Qkl1MHh0SmRaT1J3YXJsMU9lX1pGLVZUT3ZKMQ?oc=5,beauty,rise k-beauty,0.0,bubbling
2026-01-12T08:00:00+00:00,The Most Jaw-Dropping Wellness Devices I Saw at CES 2026 - CNET,https://news.google.com/rss/articles/CBMickFVX3lxTFBhNTJ0aWlZS0tUMzdidVV0TW1hWHFpUi1LUlJJb0VYZWlTbTh4MWJyV3U3Zl9jRUhzN2c0V25TQXJVMGJiVmhiTWFEdlNtajhfOWc0QzZld3JQNXJ4NkRKa0FfejZ0bzNWb0ZMSlJCVUM5dw?oc=5,wellness,most jaw-dropping,0.0,bubbling
2026-01-07T08:00:00+00:00,"From Glass Nails to Blurred Lips, These Are the 6 Beauty Trends Defining 2026 - Who What Wear",https://news.google.com/rss/articles/CBMiakFVX3lxTE4yVGpvLUg0SkFGUnJPaWxVcFVEZnRLaDNidkRlbzBsal9UNUJyMG1DMVI5ZEppQnNieEQ2XzA3QWx4X3Y2WkZlX3dKc2UycFEzLVRmejZVb1VOaWJhNHBYbXdqZjI3eHMtNlE?oc=5,beauty,glass nails,0.0,bubbling
2026-01-06T08:00:00+00:00,5 Korean skincare trends transforming the Canadian beauty market - Premium Beauty News,https://news.google.com/rss/articles/CBMidkFVX3lxTE5ldzlmYnZ0MC05ZzRSVmdmZnViUk14a0s1SXE2YzhibmdLS2Y5VWpJSlBtb1JDLUNtVWxROWhNc3lmZHZ1ejJmR09qYVl4RGlCZnpsRm9uS01aVGpYYXJsQVNhSDIyS25OVTZfLW1pb0wxWWJVQ2c?oc=5,beauty,korean skincare,0.0,bubbling
2026-01-05T08:00:00+00:00,These 26 wellness trends will change how you look after your health in 2026 - Women's Health,https://news.google.com/rss/articles/CBMihwFBVV95cUxNb21RTzhESlMxcDFfdTVfa0dycFRHX3NVQURRX3VSZnBmSGxCUmU0WUR6S09PYWxRd25vLU1NODFEMGQ1QnFqUFprLUZpSXFzQjlKYmNDTVBEWG43b2lCSF9LR0ZjTlE1V3JSYUpyMlVySlNWb25FZ0ZXSmR1MXEwRGVIdU5IRDQ?oc=5,wellness,these wellness,0.0,bubbling
2026-01-03T08:00:00+00:00,The 6 Biggest Wellness Trends Coming In 2026 - British Vogue,https://news.google.com/rss/articles/CBMiYkFVX3lxTE96eDdyd0RoN3p1VXo2b0hVNXJ3S0lrUTJlcHBPd2VMOGpFczNzUk5neEdYM2RlX19Bb0k4WDUwTDN6VV9PdW1URzhMeDUxX0ktS2IyWkdNVndCY0szWm04QmJB?oc=5,wellness,biggest wellness,0.0,bubbling
2026-01-01T08:00:00+00:00,"Wellness trends 2026, from personalised supplements to nervous-system resets - thenationalnews.com",https://news.google.com/rss/articles/CBMi1gFBVV95cUxPR0JPODBYbGtOaEtSWTdMMU0yMklFcHMwTXpBM3lPaWRXMDU5UjFRNkFoZ0NNUUJtcDExeC02RXhiRm8wRTV0MnJ6LXJzSTJSN29pUjNqWGZXUlBKWnctYkFhQk9NNDZndlNUeDBVMmUtWlRhTFp4S2FQYk84Q3RSVTRZLU1wc2ZESkVfNV8xMXptTzNKQmtyaUtHVU4tRE9Ia1NRNnp3SklIYWFaYmhvczJhUlpqazI4NXQ2RmVMTFZvUXJuLWcxa1AzdlBqcVZsT0U4eXhB?oc=5,wellness,wellness personalised,0.0,bubbling
2025-12-31T08:00:00+00:00,A Look Back on the Biggest K-Beauty Trends of 2025 - Vogue,https://news.google.com/rss/articles/CBMiZEFVX3lxTE1xbHJNOUI3NHpqVkJiNVJiWFl1YWRPdnFQVjVjZzhVX3ZFQjRJZG8tNS1uMUZUNUZJM1IxMnJRazkxay16WlppOXJNUU5mT1RrOU1lU05seTFxa0c1V3NWcHNEVUY?oc=5,beauty,look back,0.0,bubbling
2025-12-29T08:00:00+00:00,The 14 Beauty Trends Experts Predict Will Be Huge in 2026 - Good Housekeeping,https://news.google.com/rss/articles/CBMieEFVX3lxTE05MFRGbXowa0NQMTBkT3dCOWFjNG5FN2JOMHZ6dVVqUDhYWjFlT3lpMWdBalM4WEtKRFI0SFlVZzZ2YkRwY0VqaGo5QkVfa3RTcGxPdjdwR19CR1k1Mk15MUhzUGN1aHJJdEY0a3ppSTkwNlhnQl9lUg?oc=5,beauty,beauty experts,0.0,bubbling
2025-12-27T08:00:00+00:00,I’ve Spoken to the Experts—These 7 Skincare Trends Will Define 2026 - Who What Wear,https://news.google.com/rss/articles/CBMibEFVX3lxTE5Bc1pmaTUySXFaYzdJMzZGY2VzdEIzRlQ5dXBjTHMzUDRkaDJURHA4U2IwSHU1ekEyNGNReHNrTlV2ZkpiSWlCVjZ3SkxydmVkVk5EY1BidWlDWW1ITVcwV2ZyQUlaYXdLOGNhbw?oc=5,beauty,spoken experts,0.0,bubbling
2025-12-24T08:00:00+00:00,5 New Skincare Trends That’ll Be Everywhere In 2026 - Refinery29,https://news.google.com/rss/articles/CBMiY0FVX3lxTFBxeEtNak5JNjd6X1hGckhkeE1xSzRSU1ZPa1dwcWY0N2wxdEtBWXl1S1JUd2JLTUNOcndZSnd4YlZCQmVLdlB1YzhGT0FXSTVibVdCZzVheVdsZ183V0tWV0dhdw?oc=5,beauty,skincare everywhere,0.0,bubbling
2025-12-22T08:00:00+00:00,"5 Skin Care Trends That Will Define 2026, According to Dermatologists - Glamour",https://news.google.com/rss/articles/CBMiYEFVX3lxTE92bGxpVWhfUU80MmN0TEx3d3FCV09weE0wTXdXektZTE9ocWtxcm90QzV3S1pYLVQwWDlMQXJ1U2dTOUM2WUJWU2ptVF82MGFUMGdmTFY1ZUQwdWNGdm1LdQ?oc=5,beauty,skin care,0.0,bubbling
2025-12-19T08:00:00+00:00,Olive Young reveals K-Beauty trends for 2026 - Personal Care Insights,https://news.google.com/rss/articles/CBMif0FVX3lxTE1XRVZQc3RPdEx0M2E1cXRrMEhuS2hfVzBmMlo3UlJaV0N4UWJpZlUtbkpPZTkzU3VCQThKNUl4V19td2tWUXRDak9EYjd6QmxwNFQyRU52d203R0tvaEJiMTl6Z0VCU0lRampXTF9mZU4zNTlyeWFnWTlSU0lzcnM?oc=5,beauty,olive young,0.0,bubbling
2025-12-18T08:00:00+00:00,Trend predictions for 2026: building the next generation of wellness growth - Nutraceutical Business Review,https://news.google.com/rss/articles/CBMipgFBVV95cUxOeVRZUHZTM050dVBQUTNIQzdTeU5UVHAxQkppcFpoNS12WGNsSFdJd3ZMU2ItYlNQTER2M3QwWjA5SGNhS2dCZnEzQUdJQVJlVjR0bFVaT0NYeDBXNUtvM3kwc1MwLXY3Q1hzVXF3M0NGZExNMXdGRlZHcWxBU3o3QmxSQ09NRWpWbHNNelJLZWJKZVUxNjM4UzJfRlljbUpDVHZFZU1n?oc=5,wellness,predictions building,0.0,bubbling
2025-12-16T08:00:00+00:00,"Menopause Market Booms as Femtech, Beauty & Wellness Converge - BeautyMatter",https://news.google.com/rss/articles/CBMimwFBVV95cUxQcTEyUmFuMEtqcDl6bExsQm9BYUpmQ3NLRldoc3E5VDNjMF9VYkNyTWRPS1dHYVp2clJyaGpCaXduUFF1eVRoLW96cjZpS3BGWmlJRlB6MmNESUNmRG9ObnBOanlyaFZNN1B0dG9fVzk3eGw5X1NZUTVISTdRb0xWaXl1aUtzRDN5WFE2TDduSEV0R1JuaWtkel80bw?oc=5,wellness,menopause market,0.0,bubbling
2025-12-12T08:00:00+00:00,"PDRN Skincare, Espresso Hair, and Polka-Dot Nails: 9 Trends That Dominated 2025, According to Search Data - Who What Wear",https://news.google.com/rss/articles/CBMiaEFVX3lxTE5lU2Vad3cwS3hkdS1vdlZKeFJFdnBNNVJVR3VvYW4zV2tIQ1NnLWp2Yk5XT1EtQy03WVZIUGVMN0JzbXE1V29xZUNaTkNrVW1aZnhYUURlcHJsdzJ6RUtyc092bjhVaDFD?oc=5,beauty,pdrn skincare,0.0,bubbling
2025-12-08T08:00:00+00:00,"Wellness 2026: The Trends Redefining How We Live, Age, and Feel - Resident™ Magazine",https://news.google.com/rss/articles/CBMirwFBVV95cUxONHBUR0NFRTh1MERKYzc0aGJZRWJzdHhwNEhpSUx6VFhGZkltU0d5OTdWR0ZkSEtuSERoR1pwRmt6RmN5bkFSOVFEamJ1NjE3UTRLT0tsbXVoRzhjMVJtMDhqQVp4WFRBZjlmMFJQakowR2U4b2tudzVoYTUxVGtZOVFkUmdQQmVDMXNSMFlwMUZ4RVlSd3dURWdlWlR2dHBSbWtPTEk2dU9KMDFVM09B?oc=5,wellness,wellness redefining,0.0,bubbling
2025-12-08T08:00:00+00:00,Hospitality Wellness: The Trends Driving a $7 Trillion Industry - WWD,https://news.google.com/rss/articles/CBMitAFBVV95cUxPSm9QeEszcHM0Wkg1UlpDMDR0dkJqdE9ZSDFUbnNfRUdwQjFpb2pRaThLTXZONnNmRTBrWjEtdVR1N041cU1rdFY5RE5kV28wSGt4ZVVXX1JvdnhmTGVDaWotNm9pVWZmX2ViT1ZXOHIyeFB6S0N0UGEwc3FvQWJtaXB0STJ6NFJOTDB0eEE5M0otNmVkdzZORUM4YTJGVzR3WjViXzZmLWhET0tJeFdWOU8zX0M?oc=5,wellness,hospitality wellness,0.0,bubbling
2025-12-02T08:00:00+00:00,Cosmetics Business predicts the top 5 beauty trends of 2026 in new report - Cosmetics Business,https://news.google.com/rss/articles/CBMiiwFBVV95cUxNVTd1NmZ1Uy1fVlNCS2hfNHFzN3BtcFhhZEtJbHhOM1VNemx0cTVmMUJYWHdxMWhTZjFRTlNkclAxd2JVZ1lmdTJOYjF0WjRNdjFvWG5Da2xrQzJ3eEQxM1BYQ2RPN05LUlQyY1pCc2d0cmU4LTZhRkxTb2YwVlFKTjlURnZBYTlfSHF3?oc=5,beauty,cosmetics business,0.0,bubbling
2025-11-27T08:00:00+00:00,The 9 Biggest Wellness Travel Trends of 2026 - Condé Nast Traveler,https://news.google.com/rss/articles/CBMigAFBVV95cUxOdlQydnh3RzV4elRQcTRycE5HZkRKRWhGSVE3bkRGU19KNUdQWEFrTmFHUXVOenQ3LWpISVZTSHBNRnZXZ1pDbXJoam9hNEVpUUFEX0ljLXd6N19xM2p5T1VxRmV2MjNQay1uMzVLTUx1X1ZWa25jN3V6NTBHekV0RQ?oc=5,wellness,biggest wellness,0.0,bubbling
2025-11-20T08:00:00+00:00,Dermatologists Say These 2026 Skincare Trends Are Actually Worth Trying. - Women's Health,https://news.google.com/rss/articles/CBMiekFVX3lxTE5RNzFTUUxtbUVkWFpOX2xTLW1KOUNjb3NPdlJ3X2t0Qkhhbm5wWndfNEhOcWhNT1lPbEZTVzlLZG1lTVVxWDktWkFmczIyQ1ltaDhQUlNKSEREend5VElCbk9GbVVVTjd1eGozbzdpaHZCdmg1RmRhbXB3?oc=5,beauty,dermatologists say,0.0,bubbling
2025-11-06T08:00:00+00:00,"I Flew 6,000 Miles to Discover the Biggest Trends in K-Beauty—These 7 Are Standouts in Seoul Right Now - Cosmopolitan",https://news.google.com/rss/articles/CBMiigFBVV95cUxNTnRhb1BfMzRUaGliY1c1VzRfNHg2NGlXREtKcEs1SGNwNlVkLXJxb2dvT0UybzhYOFY5TnZ0d2V5ZndicWZJS2s2MHR2cHlUNkc5alFzcHhMejNfQjlEZkI0VXd1LWVEVndLaENvV3NTbmdMaVByVHNVMmM1OThvWWVvSG9VaXFzMlE?oc=5,beauty,flew miles,0.0,bubbling
2025-05-29T07:00:00+00:00,The $2 trillion global wellness market gets a millennial and Gen Z glow-up - McKinsey & Company,https://news.google.com/rss/articles/CBMinwFBVV95cUxOMUtiaGVzeFRHZHprRklkVVNPeUI4UjF5allYSDNvQkt5MGVoTERDbEJGQnVudmxmUVlBdmw3SmlCZTdkekFDcTRGWXJSY0p1WHAxeUcyMVJIYU5MU0g5aEw2cGJYdHRRWlVkN3RaVnBUSkpIYTVYQ2tXOEpnV1BPdGhJYmxRZUtLMXQxVHV5QkRvQW53ckdfQk9KSmF1MGc?oc=5,wellness,trillion global,0.0,bubbling
2024-11-14T08:00:00+00:00,2025’s Hottest Trend? Living Longer - Vogue,https://news.google.com/rss/articles/CBMicEFVX3lxTE5GOHZ1Zld6SUxzRjFwTTJPdmZEa3NSSVZOeFhkUk5KTTVZbWlwRXlKYmVPOWFKaU4xOVMwN3NDYXNNSzBvcnBjc2J2UDMwNnFyZl9pTFh2TjVybHJBUlJNNXVZSHViMDNNWmswQmlsU1Q?oc=5,wellness,hottest living,0.0,bubbling
